PlayerVelocity,CurrentMood, Jumping, Sprinting, Health, PlayerLocationX, PlayerLocationY
594.83,EAudioMood::Calm, 0, 0, 100.00, 985.52, 875.95
600.00,EAudioMood::Calm, 0, 0, 100.00, 904.26, 1832.33
1200.00,EAudioMood::Tense, 0, 1, 100.00, 764.04, 3052.93
1176.57,EAudioMood::Tense, 0, 1, 100.00, 1745.70, 1829.92
1200.00,EAudioMood::Action, 0, 1, 100.00, 3798.72, 1922.26
600.00,EAudioMood::Action, 0, 0, 100.00, 4523.93, 2512.49
600.00,EAudioMood::Action, 0, 0, 100.00, 4286.68, 1336.49
600.00,EAudioMood::Action, 0, 0, 100.00, 4652.37, 740.99
600.00,EAudioMood::Action, 0, 0, 100.00, 4621.48, 1931.83
638.04,EAudioMood::Action, 1, 0, 100.00, 4023.79, 2453.92
603.06,EAudioMood::Action, 1, 0, 100.00, 4216.51, 1388.55
1200.00,EAudioMood::Action, 0, 1, 100.00, 4019.25, 671.34
1200.74,EAudioMood::Action, 1, 1, 100.00, 4717.83, 2813.98
1200.00,EAudioMood::Action, 0, 1, 100.00, 4554.46, 1421.66
600.00,EAudioMood::Action, 0, 0, 100.00, 4170.48, 1272.74
600.00,EAudioMood::Calm, 0, 0, 100.00, 3371.26, 2022.68
634.13,EAudioMood::Tense, 0, 1, 100.00, 2212.83, 1718.16
1200.00,EAudioMood::Tense, 0, 1, 100.00, 553.58, 1193.02
1269.47,EAudioMood::Tense, 1, 1, 100.00, 1606.11, 3077.80
1225.46,EAudioMood::Tense, 1, 1, 100.00, 1928.72, 2434.97
600.00,EAudioMood::Calm, 0, 0, 100.00, 655.24, 1716.45
600.00,EAudioMood::Calm, 0, 0, 100.00, 908.55, 637.00
600.00,EAudioMood::Calm, 0, 0, 80.00, 1313.79, 1311.35
603.18,EAudioMood::Calm, 1, 0, 80.00, 1110.56, 2148.18
1200.00,EAudioMood::Tense, 0, 1, 80.00, 2270.37, 2384.79
1200.00,EAudioMood::Tense, 0, 1, 80.00, 2097.99, 442.52
727.74,EAudioMood::Calm, 1, 0, 80.00, 1090.04, 1399.91
666.63,EAudioMood::Calm, 1, 0, 80.00, 2188.20, 1698.99
600.00,EAudioMood::Calm, 0, 0, 80.00, 3386.64, 1637.78
1200.00,EAudioMood::Action, 0, 1, 80.00, 4415.95, 629.35
799.99,EAudioMood::Action, 0, 1, 80.00, 4271.87, 2740.22
1207.88,EAudioMood::Action, 1, 1, 80.00, 4569.69, 574.82
1227.14,EAudioMood::Action, 1, 1, 80.00, 4593.41, 1513.60
600.00,EAudioMood::Action, 0, 0, 80.00, 4420.51, 2346.40
600.00,EAudioMood::Action, 0, 0, 80.00, 4755.33, 1206.60
600.00,EAudioMood::Calm, 0, 0, 80.00, 5409.70, 1862.13
600.00,EAudioMood::Calm, 0, 0, 80.00, 5583.68, 2996.96
1200.00,EAudioMood::Tense, 0, 1, 80.00, 5647.77, 1407.41
600.00,EAudioMood::Calm, 0, 0, 80.00, 5267.86, 746.28
600.00,EAudioMood::Calm, 0, 0, 80.00, 5443.46, 1905.92
600.00,EAudioMood::Action, 0, 0, 80.00, 4496.51, 1895.04
1200.00,EAudioMood::Action, 0, 1, 80.00, 3848.44, 1119.77
1200.00,EAudioMood::Action, 0, 1, 80.00, 3932.66, 1945.35
600.00,EAudioMood::Calm, 0, 0, 80.00, 3280.78, 1820.69
1271.77,EAudioMood::Tense, 1, 1, 80.00, 1540.59, 2937.06
1251.65,EAudioMood::Tense, 1, 1, 80.00, 391.54, 1478.43
1097.23,EAudioMood::Tense, 1, 1, 80.00, 1709.06, 584.82
600.00,EAudioMood::Calm, 0, 0, 80.00, 2023.70, 2077.11
600.00,EAudioMood::Calm, 0, 0, 80.00, 1017.99, 1539.00
600.00,EAudioMood::Calm, 0, 0, 80.00, 1001.13, 859.92
1110.86,EAudioMood::Tense, 0, 1, 60.00, 1515.98, 1414.37
528.26,EAudioMood::Calm, 0, 0, 60.00, 484.74, 3077.12
600.00,EAudioMood::Calm, 0, 0, 60.00, 1569.21, 2639.62
1200.00,EAudioMood::Tense, 0, 1, 60.00, 2748.23, 1536.57
1200.00,EAudioMood::Action, 0, 1, 60.00, 4426.32, 1475.54
1200.00,EAudioMood::Action, 0, 1, 60.00, 4697.17, 2874.99
1200.00,EAudioMood::Action, 0, 1, 60.00, 4020.12, 867.68
1200.00,EAudioMood::Action, 0, 1, 60.00, 4402.73, 1747.07
1203.62,EAudioMood::Action, 1, 1, 60.00, 3891.29, 1629.97
600.00,EAudioMood::Action, 0, 0, 60.00, 4388.23, 1581.82
600.00,EAudioMood::Calm, 0, 0, 60.00, 5063.25, 1526.18
600.00,EAudioMood::Calm, 0, 0, 60.00, 5322.26, 379.67
673.91,EAudioMood::Calm, 1, 0, 60.00, 5588.04, 1401.72
646.78,EAudioMood::Calm, 1, 0, 60.00, 5586.83, 2601.69
1200.00,EAudioMood::Tense, 0, 1, 60.00, 5682.55, 1293.07
600.00,EAudioMood::Calm, 0, 0, 60.00, 5418.04, 1591.62
600.00,EAudioMood::Action, 0, 0, 60.00, 4524.94, 1702.20
600.00,EAudioMood::Action, 0, 0, 60.00, 3708.67, 1589.69
1200.00,EAudioMood::Calm, 0, 1, 60.00, 2587.25, 2395.97
1200.00,EAudioMood::Tense, 0, 1, 60.00, 783.71, 2556.35
1200.00,EAudioMood::Tense, 0, 1, 60.00, 1043.66, 409.60
1200.00,EAudioMood::Tense, 0, 1, 60.00, 2388.64, 1869.01
1200.00,EAudioMood::Tense, 0, 1, 60.00, 708.55, 1965.26
600.00,EAudioMood::Calm, 0, 0, 60.00, 947.15, 1059.73
705.44,EAudioMood::Action, 1, 0, 40.00, 1809.72, 1086.28
681.50,EAudioMood::Action, 1, 0, 40.00, 1340.09, 1815.35
603.18,EAudioMood::Action, 1, 0, 40.00, 875.55, 798.09
1200.16,EAudioMood::Action, 1, 1, 40.00, 686.15, 2148.15
600.00,EAudioMood::Action, 0, 0, 40.00, 1213.56, 2030.51
1200.00,EAudioMood::Action, 0, 1, 40.00, 529.00, 401.66
1234.66,EAudioMood::Action, 1, 0, 40.00, 2666.96, 847.25
600.00,EAudioMood::Action, 0, 0, 40.00, 3858.90, 711.37
600.00,EAudioMood::Action, 0, 0, 40.00, 4463.50, 1391.69
600.00,EAudioMood::Action, 0, 0, 40.00, 4029.56, 2465.06
701.18,EAudioMood::Action, 1, 0, 40.00, 4199.70, 2314.29
673.37,EAudioMood::Action, 1, 0, 40.00, 4088.90, 1119.41
1200.00,EAudioMood::Action, 0, 1, 40.00, 3941.13, 1707.49
1200.00,EAudioMood::Action, 0, 1, 40.00, 5352.12, 1373.68
600.00,EAudioMood::Action, 0, 0, 40.00, 5663.91, 1250.76
603.93,EAudioMood::Action, 1, 0, 40.00, 5477.38, 2430.96
600.00,EAudioMood::Action, 0, 0, 40.00, 5529.11, 1816.77
1200.00,EAudioMood::Action, 0, 1, 40.00, 5020.51, 669.18
1210.44,EAudioMood::Action, 1, 1, 40.00, 3235.65, 1935.24
600.00,EAudioMood::Action, 0, 0, 40.00, 2010.86, 1449.30
600.00,EAudioMood::Action, 0, 0, 20.00, 1910.99, 527.54
600.00,EAudioMood::Action, 0, 0, 20.00, 2296.60, 1131.55
600.00,EAudioMood::Action, 0, 0, 20.00, 1193.06, 1234.04
600.00,EAudioMood::Action, 0, 0, 20.00, 431.46, 973.15
600.00,EAudioMood::Action, 0, 0, 20.00, 541.97, 2156.39
600.00,EAudioMood::Action, 0, 0, 20.00, 1272.17, 2292.54
1200.00,EAudioMood::Action, 0, 1, 20.00, 667.27, 659.72
1269.08,EAudioMood::Action, 1, 1, 20.00, 2960.21, 802.31
600.00,EAudioMood::Action, 0, 0, 20.00, 3952.99, 825.22
600.00,EAudioMood::Action, 0, 0, 20.00, 4295.52, 1589.28
600.00,EAudioMood::Action, 0, 0, 20.00, 4034.88, 2760.31
600.00,EAudioMood::Action, 0, 0, 20.00, 4442.27, 2373.28
600.00,EAudioMood::Action, 0, 0, 20.00, 5288.22, 2845.79
600.00,EAudioMood::Action, 0, 0, 20.00, 5533.45, 1731.35
48.16,EAudioMood::Action, 0, 0, 20.00, 5505.51, 592.05
625.00,EAudioMood::Action, 1, 0, 20.00, 5440.25, 1713.15
600.00,EAudioMood::Action, 0, 0, 20.00, 4627.51, 2256.28
1200.00,EAudioMood::Action, 0, 1, 20.00, 3523.94, 775.95
1242.76,EAudioMood::Action, 1, 1, 20.00, 1821.42, 2453.36
1263.50,EAudioMood::Action, 1, 1, 20.00, 3095.77, 1825.41
1200.00,EAudioMood::Action, 0, 1, 20.00, 5295.58, 1162.79
1206.60,EAudioMood::Action, 1, 1, 20.00, 5457.50, 952.69
826.88,EAudioMood::Action, 1, 1, 20.00, 4983.69, 2891.76
1200.86,EAudioMood::Action, 1, 0, 20.00, 2861.98, 2645.88
0.00,EAudioMood::Calm, 0, 0, 100.00, 900.00, 850.00
600.00,EAudioMood::Calm, 0, 0, 100.00, 1082.30, 1446.50
600.00,EAudioMood::Calm, 0, 0, 100.00, 423.50, 2436.00
600.00,EAudioMood::Calm, 0, 0, 100.00, 1242.02, 3065.83
1200.00,EAudioMood::Tense, 0, 1, 100.00, 2424.86, 1796.85
1200.00,EAudioMood::Tense, 0, 1, 100.00, 1432.55, 285.76
1200.00,EAudioMood::Tense, 0, 1, 100.00, 389.76, 1895.75
1200.00,EAudioMood::Tense, 0, 1, 100.00, 2173.48, 1376.13
600.00,EAudioMood::Action, 0, 0, 100.00, 3550.84, 706.68
856.00,EAudioMood::Action, 0, 1, 100.00, 4039.15, 1412.67
1200.00,EAudioMood::Action, 0, 1, 100.00, 4532.98, 2812.25
1200.00,EAudioMood::Action, 0, 1, 100.00, 4195.28, 536.92
1200.00,EAudioMood::Action, 0, 1, 100.00, 4002.78, 2242.14
600.00,EAudioMood::Calm, 0, 0, 100.00, 2688.01, 1775.32
600.00,EAudioMood::Calm, 0, 0, 100.00, 2668.05, 587.99
600.00,EAudioMood::Calm, 0, 0, 80.00, 1597.86, 743.61
1200.00,EAudioMood::Tense, 0, 1, 80.00, 225.00, 1406.16
600.00,EAudioMood::Calm, 0, 0, 80.00, 992.77, 3129.93
600.00,EAudioMood::Calm, 0, 0, 80.00, 2139.54, 2886.73
0.00,EAudioMood::Calm, 0, 0, 80.00, 2491.14, 1894.71
0.00,EAudioMood::Calm, 0, 0, 80.00, 2491.14, 1894.71
0.00,EAudioMood::Calm, 0, 0, 80.00, 2491.14, 1894.71
240.33,EAudioMood::Calm, 1, 0, 80.00, 2491.14, 1894.71
273.00,EAudioMood::Calm, 1, 0, 80.00, 2491.14, 1894.71
248.50,EAudioMood::Calm, 1, 0, 80.00, 2491.14, 1894.71
1200.00,EAudioMood::Tense, 0, 1, 80.00, 2259.53, 843.61
1263.50,EAudioMood::Tense, 1, 1, 80.00, 551.20, 1265.62
1065.68,EAudioMood::Tense, 0, 1, 80.00, 2250.27, 2617.25
825.79,EAudioMood::Tense, 1, 1, 80.00, 2382.57, 1961.31
1207.05,EAudioMood::Tense, 1, 1, 80.00, 633.92, 2213.61
633.22,EAudioMood::Tense, 0, 1, 80.00, 446.27, 401.15
600.00,EAudioMood::Calm, 0, 0, 80.00, 597.32, 2222.20
1200.00,EAudioMood::Tense, 0, 1, 80.00, 1953.03, 2374.60
1253.99,EAudioMood::Calm, 1, 0, 80.00, 1938.64, 1170.00
600.00,EAudioMood::Calm, 0, 0, 80.00, 2826.25, 1097.99
600.00,EAudioMood::Action, 0, 0, 80.00, 3814.89, 1710.15
600.01,EAudioMood::Action, 1, 0, 80.00, 3897.10, 1890.08
609.74,EAudioMood::Action, 1, 0, 80.00, 4042.56, 745.45
600.00,EAudioMood::Action, 0, 0, 80.00, 4301.83, 1185.99
0.00,EAudioMood::Action, 0, 0, 80.00, 4227.14, 2323.02
0.00,EAudioMood::Action, 0, 0, 80.00, 4227.14, 2323.02
0.00,EAudioMood::Action, 0, 0, 80.00, 4227.14, 2323.02
0.00,EAudioMood::Action, 0, 0, 80.00, 4227.14, 2323.02
600.00,EAudioMood::Action, 0, 0, 80.00, 4356.29, 1375.04
600.00,EAudioMood::Calm, 0, 0, 80.00, 5124.09, 2054.24
1150.62,EAudioMood::Tense, 0, 1, 80.00, 5444.38, 2797.43
600.00,EAudioMood::Calm, 0, 0, 80.00, 5282.76, 861.44
600.00,EAudioMood::Calm, 0, 0, 80.00, 5095.66, 2035.21
600.00,EAudioMood::Calm, 0, 0, 80.00, 5298.76, 2619.90
600.00,EAudioMood::Action, 0, 0, 80.00, 4591.50, 1915.64
1200.00,EAudioMood::Action, 0, 1, 80.00, 3649.57, 2180.43
1200.00,EAudioMood::Calm, 0, 1, 80.00, 1714.87, 2796.24
1103.66,EAudioMood::Tense, 0, 1, 80.00, 689.20, 1677.94
1200.00,EAudioMood::Tense, 0, 1, 80.00, 1924.94, 2569.16
1200.00,EAudioMood::Tense, 0, 1, 60.00, 1198.85, 466.10
663.77,EAudioMood::Calm, 0, 0, 60.00, 633.80, 2622.32
600.00,EAudioMood::Calm, 0, 0, 60.00, 1754.38, 2515.14
1200.00,EAudioMood::Tense, 0, 1, 60.00, 3097.37, 2713.63
1200.00,EAudioMood::Tense, 0, 1, 60.00, 2835.66, 486.59
1200.00,EAudioMood::Tense, 0, 1, 60.00, 671.31, 836.05
1247.10,EAudioMood::Tense, 1, 1, 60.00, 791.23, 3192.24
1208.41,EAudioMood::Tense, 1, 1, 60.00, 2556.80, 2057.77
1200.00,EAudioMood::Tense, 0, 1, 60.00, 2035.23, 351.02
1200.00,EAudioMood::Tense, 0, 1, 60.00, 796.07, 1613.65
600.00,EAudioMood::Calm, 0, 0, 60.00, 1750.61, 3009.84
600.00,EAudioMood::Calm, 0, 0, 60.00, 2879.62, 2640.71
600.00,EAudioMood::Calm, 0, 0, 60.00, 3120.20, 1518.07
1200.00,EAudioMood::Tense, 0, 1, 60.00, 2577.55, 2591.81
1200.00,EAudioMood::Tense, 0, 1, 60.00, 650.24, 2659.39
1200.00,EAudioMood::Tense, 0, 1, 60.00, 764.85, 465.08
600.00,EAudioMood::Calm, 0, 0, 60.00, 2084.63, 604.76
600.00,EAudioMood::Action, 0, 0, 40.00, 997.56, 702.48
1200.00,EAudioMood::Action, 0, 1, 40.00, 201.96, 2004.60
1200.00,EAudioMood::Action, 0, 1, 40.00, 1803.17, 2883.57
1207.53,EAudioMood::Action, 1, 1, 40.00, 658.39, 1007.23
1200.00,EAudioMood::Action, 0, 1, 40.00, 449.72, 2446.18
1232.50,EAudioMood::Action, 1, 1, 40.00, 2196.53, 1763.60
600.00,EAudioMood::Action, 0, 0, 40.00, 2368.16, 1351.20
600.00,EAudioMood::Action, 0, 0, 40.00, 3260.84, 1609.89
600.00,EAudioMood::Action, 0, 0, 40.00, 3776.73, 2586.60
1200.00,EAudioMood::Action, 0, 1, 40.00, 4134.63, 1917.59
1200.00,EAudioMood::Action, 0, 1, 40.00, 2055.16, 2416.64
964.87,EAudioMood::Action, 1, 1, 40.00, 1164.48, 2119.15
600.00,EAudioMood::Action, 0, 0, 20.00, 1949.71, 689.58
1200.00,EAudioMood::Action, 0, 1, 20.00, 2908.65, 1835.26
1200.00,EAudioMood::Action, 0, 1, 20.00, 1579.34, 3048.63
1244.90,EAudioMood::Action, 1, 1, 20.00, 431.94, 1174.60
1200.82,EAudioMood::Action, 1, 1, 20.00, 2310.76, 773.73
1240.52,EAudioMood::Action, 1, 1, 20.00, 2394.71, 2744.48
1200.00,EAudioMood::Action, 0, 1, 20.00, 471.96, 1876.45
1200.00,EAudioMood::Action, 0, 1, 20.00, 1708.68, 553.53
1217.84,EAudioMood::Action, 1, 1, 20.00, 3101.65, 2068.25
1144.96,EAudioMood::Action, 0, 1, 20.00, 1542.45, 3001.36
1200.00,EAudioMood::Action, 0, 1, 20.00, 576.13, 1247.42
1266.45,EAudioMood::Action, 1, 0, 20.00, 2361.07, 1418.11
600.00,EAudioMood::Calm, 0, 0, 100.00, 932.42, 1210.50
1200.00,EAudioMood::Tense, 0, 1, 100.00, 367.48, 2535.07
600.00,EAudioMood::Calm, 0, 0, 100.00, 2217.80, 2848.70
600.00,EAudioMood::Calm, 0, 0, 100.00, 2858.95, 1850.28
600.00,EAudioMood::Calm, 0, 0, 100.00, 2818.17, 701.67
659.67,EAudioMood::Calm, 1, 0, 100.00, 1690.06, 332.65
1249.35,EAudioMood::Tense, 1, 1, 100.00, 572.88, 1529.77
1210.60,EAudioMood::Tense, 1, 1, 100.00, 1645.09, 3088.27
1202.54,EAudioMood::Calm, 1, 0, 100.00, 2984.21, 1473.93
600.00,EAudioMood::Calm, 0, 0, 100.00, 2331.09, 354.62
1200.00,EAudioMood::Tense, 0, 1, 100.00, 591.67, 699.08
1200.07,EAudioMood::Tense, 1, 1, 100.00, 1222.16, 2813.63
600.00,EAudioMood::Calm, 0, 0, 100.00, 3048.62, 2339.28
600.00,EAudioMood::Calm, 0, 0, 100.00, 2439.87, 2394.28
600.00,EAudioMood::Calm, 0, 0, 100.00, 1512.39, 3090.01
600.00,EAudioMood::Calm, 0, 0, 100.00, 603.16, 2628.24
1200.00,EAudioMood::Tense, 0, 1, 100.00, 421.09, 947.48
1200.00,EAudioMood::Tense, 0, 1, 100.00, 2241.57, 956.92
600.00,EAudioMood::Calm, 0, 0, 100.00, 1615.21, 1996.05
600.00,EAudioMood::Calm, 0, 0, 100.00, 825.60, 1685.07
600.00,EAudioMood::Calm, 0, 0, 100.00, 531.40, 2749.24
1200.00,EAudioMood::Tense, 0, 1, 100.00, 691.03, 1989.61
1200.00,EAudioMood::Tense, 0, 1, 100.00, 1423.18, 359.34
600.00,EAudioMood::Calm, 0, 0, 100.00, 1936.93, 1997.44
600.00,EAudioMood::Calm, 0, 0, 100.00, 1534.27, 2035.23
600.00,EAudioMood::Calm, 0, 0, 100.00, 2708.38, 1803.86
600.00,EAudioMood::Action, 0, 0, 100.00, 3780.42, 1340.91
600.00,EAudioMood::Action, 0, 0, 100.00, 4097.09, 2452.02
0.00,EAudioMood::Action, 0, 0, 100.00, 4422.15, 2083.21
0.00,EAudioMood::Action, 0, 0, 100.00, 4422.15, 2083.21
0.00,EAudioMood::Action, 0, 0, 100.00, 4422.15, 2083.21
68.27,EAudioMood::Action, 0, 0, 100.00, 4422.16, 2081.79
600.00,EAudioMood::Action, 0, 0, 100.00, 4427.59, 948.61
600.00,EAudioMood::Action, 0, 0, 100.00, 4219.51, 1303.95
600.00,EAudioMood::Calm, 0, 0, 100.00, 5242.15, 767.34
600.00,EAudioMood::Calm, 0, 0, 100.00, 5295.22, 1933.67
591.85,EAudioMood::Calm, 1, 0, 100.00, 5529.58, 2731.73
677.12,EAudioMood::Calm, 1, 0, 100.00, 5483.27, 1788.24
600.00,EAudioMood::Calm, 0, 0, 100.00, 5312.08, 639.54
600.00,EAudioMood::Action, 0, 0, 100.00, 4523.68, 1171.13
600.00,EAudioMood::Action, 0, 0, 100.00, 4388.16, 2349.82
1204.28,EAudioMood::Action, 1, 1, 100.00, 4591.15, 1219.13
1200.00,EAudioMood::Action, 0, 1, 100.00, 4231.53, 1744.24
600.00,EAudioMood::Action, 0, 0, 100.00, 3955.30, 2454.72
1200.00,EAudioMood::Tense, 0, 1, 100.00, 2904.74, 2634.77
1201.15,EAudioMood::Tense, 1, 1, 100.00, 859.16, 2679.40
1216.47,EAudioMood::Tense, 1, 1, 100.00, 1017.86, 571.10
1200.00,EAudioMood::Tense, 0, 1, 100.00, 2366.20, 1519.58
1261.32,EAudioMood::Tense, 1, 1, 100.00, 1273.90, 2740.81
1190.59,EAudioMood::Calm, 1, 0, 100.00, 1087.39, 501.97
600.00,EAudioMood::Calm, 0, 0, 80.00, 1536.00, 830.67
1200.00,EAudioMood::Tense, 0, 1, 80.00, 548.55, 1605.07
1224.06,EAudioMood::Tense, 1, 1, 80.00, 2245.94, 2688.75
1223.83,EAudioMood::Tense, 1, 1, 80.00, 2299.88, 725.02
600.00,EAudioMood::Calm, 0, 0, 80.00, 409.71, 534.48
600.00,EAudioMood::Calm, 0, 0, 80.00, 418.52, 1725.15
600.00,EAudioMood::Calm, 0, 0, 80.00, 430.66, 2884.26
1200.00,EAudioMood::Tense, 0, 1, 80.00, 2264.31, 3042.95
1194.32,EAudioMood::Tense, 1, 1, 80.00, 2623.72, 951.95
1200.00,EAudioMood::Tense, 0, 1, 80.00, 2153.74, 1700.46
600.00,EAudioMood::Calm, 0, 0, 80.00, 733.73, 917.72
600.00,EAudioMood::Calm, 0, 0, 80.00, 564.91, 2084.84
600.00,EAudioMood::Calm, 0, 0, 80.00, 1012.08, 2976.05
1200.00,EAudioMood::Tense, 0, 1, 80.00, 2389.16, 2896.48
600.00,EAudioMood::Calm, 0, 0, 80.00, 2784.77, 888.68
1200.00,EAudioMood::Tense, 0, 1, 80.00, 1367.38, 305.41
1200.00,EAudioMood::Tense, 0, 1, 80.00, 560.46, 2258.94
600.00,EAudioMood::Calm, 0, 0, 80.00, 2407.94, 2527.00
600.00,EAudioMood::Calm, 0, 0, 80.00, 2887.67, 1999.54
600.00,EAudioMood::Calm, 0, 0, 80.00, 2884.30, 1750.60
600.00,EAudioMood::Calm, 0, 0, 80.00, 3182.21, 2175.34
600.00,EAudioMood::Calm, 0, 0, 80.00, 3261.26, 2528.05
0.00,EAudioMood::Calm, 0, 0, 80.00, 2591.18, 2452.66
0.00,EAudioMood::Calm, 0, 0, 80.00, 2591.18, 2452.66
0.00,EAudioMood::Calm, 0, 0, 80.00, 2591.18, 2452.66
404.84,EAudioMood::Calm, 1, 0, 80.00, 2591.18, 2452.66
86.34,EAudioMood::Calm, 1, 0, 80.00, 2591.18, 2452.66
0.00,EAudioMood::Calm, 0, 0, 80.00, 2591.18, 2452.66
21.00,EAudioMood::Calm, 1, 0, 80.00, 2591.18, 2452.66
176.18,EAudioMood::Calm, 1, 0, 80.00, 2591.18, 2452.66
600.00,EAudioMood::Calm, 0, 0, 80.00, 1928.20, 2344.95
1200.00,EAudioMood::Tense, 0, 1, 80.00, 2489.45, 723.49
600.00,EAudioMood::Calm, 0, 0, 80.00, 369.75, 609.47
1159.93,EAudioMood::Tense, 1, 1, 80.00, 587.32, 2389.18
1200.00,EAudioMood::Tense, 0, 1, 80.00, 1507.33, 1287.27
600.00,EAudioMood::Calm, 0, 0, 60.00, 2417.83, 1060.50
600.00,EAudioMood::Calm, 0, 0, 60.00, 2247.34, 1939.79
600.00,EAudioMood::Calm, 0, 0, 60.00, 1080.74, 2220.90
600.00,EAudioMood::Calm, 0, 0, 60.00, 1465.40, 2808.85
600.00,EAudioMood::Calm, 0, 0, 60.00, 2161.14, 2262.08
0.00,EAudioMood::Calm, 0, 0, 60.00, 2185.51, 2134.87
0.00,EAudioMood::Calm, 0, 0, 60.00, 2185.51, 2134.87
0.00,EAudioMood::Calm, 0, 0, 60.00, 2185.51, 2134.87
511.88,EAudioMood::Calm, 0, 0, 60.00, 2244.66, 2105.28
1129.03,EAudioMood::Tense, 0, 1, 60.00, 3018.67, 1614.49
1200.00,EAudioMood::Tense, 0, 1, 60.00, 1588.97, 363.58
1238.32,EAudioMood::Tense, 1, 1, 60.00, 649.45, 2222.12
1200.00,EAudioMood::Tense, 0, 1, 60.00, 2127.21, 2815.72
1201.53,EAudioMood::Tense, 1, 1, 60.00, 2375.41, 851.40
600.00,EAudioMood::Calm, 0, 0, 60.00, 517.27, 847.85
600.00,EAudioMood::Calm, 0, 0, 60.00, 487.91, 2044.05
600.00,EAudioMood::Calm, 0, 0, 60.00, 1084.08, 2747.41
600.00,EAudioMood::Calm, 0, 0, 60.00, 2221.28, 2639.12
600.00,EAudioMood::Calm, 0, 0, 60.00, 2795.86, 1721.79
600.00,EAudioMood::Calm, 0, 0, 60.00, 2280.83, 690.38
600.00,EAudioMood::Action, 0, 0, 40.00, 1186.78, 963.47
1211.70,EAudioMood::Action, 1, 0, 40.00, 598.04, 2744.29
600.00,EAudioMood::Action, 0, 0, 40.00, 1720.26, 3067.71
600.00,EAudioMood::Action, 0, 0, 40.00, 2917.41, 3027.03
1200.00,EAudioMood::Action, 0, 1, 40.00, 4096.89, 2210.11
1200.00,EAudioMood::Action, 0, 1, 40.00, 5249.67, 590.86
1094.41,EAudioMood::Action, 0, 1, 40.00, 5320.52, 2367.42
1200.00,EAudioMood::Action, 0, 1, 40.00, 4593.33, 1376.71
1215.34,EAudioMood::Action, 1, 1, 40.00, 2640.90, 2616.75
1200.00,EAudioMood::Action, 0, 1, 40.00, 655.72, 2188.75
1200.00,EAudioMood::Action, 0, 1, 40.00, 795.63, 195.38
1200.00,EAudioMood::Action, 0, 1, 40.00, 2767.25, 1128.50
600.00,EAudioMood::Action, 0, 0, 40.00, 1958.69, 1058.31
600.00,EAudioMood::Action, 0, 0, 20.00, 922.28, 531.39
1200.00,EAudioMood::Action, 0, 1, 20.00, 719.58, 2371.22
1200.00,EAudioMood::Action, 0, 1, 20.00, 1173.13, 2152.35
1200.00,EAudioMood::Action, 0, 1, 20.00, 741.68, 1858.42
1181.35,EAudioMood::Action, 1, 1, 20.00, 1538.66, 3149.45
1200.00,EAudioMood::Action, 0, 1, 20.00, 3317.42, 2173.16
1200.00,EAudioMood::Action, 0, 1, 20.00, 4387.63, 1231.03
1200.00,EAudioMood::Action, 0, 1, 20.00, 4165.72, 2248.67
1200.00,EAudioMood::Action, 0, 1, 20.00, 5107.34, 570.81
863.48,EAudioMood::Action, 0, 1, 20.00, 5470.24, 2674.76
992.59,EAudioMood::Action, 1, 1, 20.00, 5068.02, 1897.93
1200.00,EAudioMood::Action, 0, 1, 20.00, 4003.38, 1234.72
600.00,EAudioMood::Action, 0, 0, 20.00, 2305.27, 2376.87
1200.16,EAudioMood::Action, 1, 1, 20.00, 467.99, 2145.34
1200.00,EAudioMood::Action, 0, 1, 20.00, 1729.97, 2031.69
600.00,EAudioMood::Action, 0, 0, 20.00, 2965.19, 1986.51
282.71,EAudioMood::Action, 0, 0, 20.00, 1790.47, 1907.71
0.00,EAudioMood::Action, 0, 0, 20.00, 1783.86, 1907.74
0.00,EAudioMood::Action, 0, 0, 20.00, 1783.86, 1907.74
0.00,EAudioMood::Calm, 0, 0, 100.00, 900.00, 850.00
600.00,EAudioMood::Calm, 0, 0, 100.00, 815.92, 1370.46
600.00,EAudioMood::Calm, 0, 0, 100.00, 407.47, 2498.83
1200.00,EAudioMood::Tense, 0, 1, 100.00, 1737.72, 3205.31
1258.83,EAudioMood::Tense, 1, 1, 100.00, 2665.16, 1417.10
1217.18,EAudioMood::Tense, 1, 1, 100.00, 1245.34, 162.97
1220.94,EAudioMood::Tense, 1, 1, 100.00, 262.99, 2224.65
1201.15,EAudioMood::Tense, 1, 1, 100.00, 1845.98, 3129.88
1209.40,EAudioMood::Tense, 1, 1, 100.00, 2888.77, 1230.02
1253.65,EAudioMood::Tense, 1, 1, 100.00, 1391.06, 294.50
600.00,EAudioMood::Calm, 0, 0, 100.00, 392.59, 1074.61
618.87,EAudioMood::Calm, 1, 0, 100.00, 341.69, 2271.41
600.37,EAudioMood::Calm, 1, 0, 100.00, 1243.29, 2641.30
611.46,EAudioMood::Calm, 1, 0, 100.00, 1839.43, 1659.30
527.80,EAudioMood::Calm, 1, 0, 100.00, 2306.78, 1774.29
666.12,EAudioMood::Calm, 1, 0, 100.00, 1494.81, 1396.95
630.62,EAudioMood::Tense, 0, 1, 100.00, 701.69, 627.11
1200.33,EAudioMood::Tense, 1, 1, 100.00, 916.51, 2672.26
1206.60,EAudioMood::Tense, 1, 1, 100.00, 2764.48, 2121.27
1200.00,EAudioMood::Tense, 0, 1, 100.00, 2293.31, 183.64
1200.00,EAudioMood::Tense, 0, 1, 100.00, 514.73, 1466.91
600.00,EAudioMood::Calm, 0, 0, 100.00, 1039.24, 2722.62
653.06,EAudioMood::Calm, 1, 0, 100.00, 1992.23, 2006.92
787.72,EAudioMood::Tense, 0, 1, 100.00, 2390.50, 2035.18
1200.35,EAudioMood::Tense, 1, 1, 100.00, 816.55, 1930.45
1157.32,EAudioMood::Tense, 0, 1, 100.00, 1088.80, 216.39
1191.34,EAudioMood::Tense, 0, 1, 100.00, 2776.73, 1561.67
1261.32,EAudioMood::Tense, 1, 1, 100.00, 892.17, 2827.46
1200.00,EAudioMood::Tense, 0, 1, 100.00, 766.66, 680.29
600.00,EAudioMood::Calm, 0, 0, 100.00, 2667.15, 953.05
600.00,EAudioMood::Action, 0, 0, 100.00, 3583.38, 1358.23
256.67,EAudioMood::Action, 1, 0, 100.00, 3996.73, 1996.20
330.17,EAudioMood::Action, 1, 0, 100.00, 3996.73, 1996.20
346.50,EAudioMood::Action, 1, 0, 100.00, 3996.73, 1996.20
600.00,EAudioMood::Action, 0, 0, 100.00, 3907.45, 2580.90
1200.00,EAudioMood::Action, 0, 1, 100.00, 4246.39, 2328.50
1200.00,EAudioMood::Action, 0, 1, 100.00, 4633.70, 540.01
883.51,EAudioMood::Action, 1, 1, 100.00, 3932.72, 2171.09
1185.87,EAudioMood::Action, 1, 0, 100.00, 4179.54, 692.55
0.00,EAudioMood::Action, 0, 0, 100.00, 4277.91, 1118.67
600.00,EAudioMood::Action, 0, 0, 100.00, 4398.82, 1094.06
1200.00,EAudioMood::Tense, 0, 1, 100.00, 5445.21, 1431.65
1200.00,EAudioMood::Action, 0, 1, 100.00, 5017.38, 2734.28
1157.34,EAudioMood::Calm, 0, 1, 100.00, 5550.21, 469.12
1200.00,EAudioMood::Calm, 0, 1, 100.00, 5558.83, 2577.59
1234.56,EAudioMood::Calm, 1, 0, 100.00, 5507.24, 990.94
610.16,EAudioMood::Calm, 1, 0, 100.00, 5391.89, 1511.16
600.00,EAudioMood::Calm, 0, 0, 100.00, 5031.68, 2154.43
677.12,EAudioMood::Action, 1, 0, 100.00, 4351.14, 1286.32
600.00,EAudioMood::Calm, 0, 0, 100.00, 3251.15, 1697.39
1200.00,EAudioMood::Tense, 0, 1, 100.00, 1603.94, 2341.10
1159.64,EAudioMood::Tense, 1, 1, 80.00, 1175.79, 365.90
1229.99,EAudioMood::Tense, 1, 1, 80.00, 541.06, 1522.03
1244.59,EAudioMood::Tense, 1, 1, 80.00, 1601.38, 3227.96
1200.00,EAudioMood::Tense, 0, 1, 80.00, 2917.38, 1935.54
1088.22,EAudioMood::Tense, 1, 1, 80.00, 1826.32, 155.97
925.20,EAudioMood::Tense, 1, 1, 80.00, 175.47, 1169.18
1133.94,EAudioMood::Tense, 1, 1, 80.00, 802.60, 3076.49
1236.33,EAudioMood::Tense, 1, 1, 80.00, 2723.26, 2697.47
1200.00,EAudioMood::Tense, 0, 1, 80.00, 2728.51, 652.23
600.00,EAudioMood::Calm, 0, 0, 80.00, 1530.80, 393.94
1100.73,EAudioMood::Tense, 0, 1, 80.00, 511.73, 866.96
1200.35,EAudioMood::Tense, 1, 1, 80.00, 1033.50, 2976.23
1162.40,EAudioMood::Tense, 1, 1, 80.00, 2896.06, 2300.53
600.00,EAudioMood::Calm, 0, 0, 80.00, 2780.43, 931.27
1200.00,EAudioMood::Tense, 0, 1, 80.00, 1472.38, 434.00
1223.83,EAudioMood::Tense, 1, 1, 80.00, 527.74, 2109.88
1200.00,EAudioMood::Tense, 0, 1, 80.00, 2119.80, 3277.28
600.00,EAudioMood::Calm, 0, 0, 80.00, 3155.62, 2438.27
600.00,EAudioMood::Calm, 0, 0, 80.00, 2189.95, 1728.13
600.00,EAudioMood::Calm, 0, 0, 60.00, 1550.55, 751.36
1200.00,EAudioMood::Tense, 0, 1, 60.00, 367.25, 1323.88
666.16,EAudioMood::Tense, 1, 1, 60.00, 617.34, 3343.42
1207.61,EAudioMood::Tense, 1, 1, 60.00, 2819.87, 2892.45
1228.88,EAudioMood::Tense, 1, 1, 60.00, 2876.16, 1162.91
1200.00,EAudioMood::Tense, 0, 1, 60.00, 823.58, 259.83
1200.00,EAudioMood::Tense, 0, 1, 60.00, 282.95, 2357.91
1220.95,EAudioMood::Tense, 1, 1, 60.00, 1673.37, 2802.54
1194.82,EAudioMood::Tense, 1, 1, 60.00, 3185.39, 1140.13
1200.00,EAudioMood::Tense, 0, 1, 60.00, 2881.75, 2780.79
1203.72,EAudioMood::Tense, 1, 1, 60.00, 750.03, 2612.83
1201.53,EAudioMood::Tense, 1, 1, 60.00, 771.79, 554.40
1200.00,EAudioMood::Tense, 0, 1, 60.00, 2253.90, 1236.28
1256.39,EAudioMood::Calm, 1, 0, 60.00, 725.22, 2819.48
600.00,EAudioMood::Calm, 0, 0, 60.00, 1357.38, 2331.88
1200.00,EAudioMood::Tense, 0, 1, 60.00, 2799.54, 1444.60
600.00,EAudioMood::Action, 0, 0, 60.00, 3568.09, 846.41
600.00,EAudioMood::Action, 0, 0, 60.00, 3949.89, 1955.22
649.42,EAudioMood::Action, 1, 0, 60.00, 4183.47, 2923.60
600.00,EAudioMood::Action, 0, 0, 60.00, 4484.25, 2091.12
714.16,EAudioMood::Action, 1, 0, 60.00, 4277.85, 909.12
582.33,EAudioMood::Action, 0, 0, 60.00, 4132.37, 838.63
154.26,EAudioMood::Action, 0, 0, 60.00, 4380.56, 1962.87
364.07,EAudioMood::Action, 1, 0, 60.00, 4380.49, 1965.35
0.00,EAudioMood::Action, 0, 0, 60.00, 4380.49, 1965.35
241.51,EAudioMood::Action, 1, 0, 60.00, 4380.49, 1965.35
389.78,EAudioMood::Action, 1, 0, 60.00, 4380.49, 1965.35
600.00,EAudioMood::Action, 0, 0, 60.00, 3881.65, 1858.86
1200.00,EAudioMood::Tense, 0, 1, 60.00, 2234.49, 2081.40
1065.21,EAudioMood::Tense, 1, 1, 60.00, 230.85, 1172.81
600.00,EAudioMood::Calm, 0, 0, 60.00, 880.63, 551.78
600.00,EAudioMood::Action, 0, 0, 40.00, 1273.56, 1191.93
1200.00,EAudioMood::Action, 0, 1, 40.00, 308.53, 2368.60
1200.00,EAudioMood::Action, 0, 1, 40.00, 1043.02, 2809.40
1234.39,EAudioMood::Action, 1, 1, 40.00, 460.63, 729.22
1225.70,EAudioMood::Action, 1, 1, 40.00, 2090.29, 460.43
1202.04,EAudioMood::Action, 1, 1, 40.00, 814.43, 1611.82
1200.00,EAudioMood::Action, 0, 1, 40.00, 762.03, 2818.02
1200.00,EAudioMood::Action, 0, 1, 40.00, 720.63, 673.05
1223.83,EAudioMood::Action, 1, 1, 40.00, 1632.68, 1567.60
890.39,EAudioMood::Action, 0, 1, 40.00, 546.83, 2993.90
1200.00,EAudioMood::Action, 0, 1, 40.00, 2786.54, 2212.78
1200.00,EAudioMood::Action, 0, 1, 40.00, 3734.56, 1090.62
1244.59,EAudioMood::Action, 1, 1, 40.00, 4651.60, 1960.21
1204.38,EAudioMood::Action, 1, 1, 40.00, 4377.79, 1887.11
600.00,EAudioMood::Action, 0, 0, 40.00, 4388.43, 370.66
1200.00,EAudioMood::Action, 0, 1, 40.00, 5512.43, 893.14
854.01,EAudioMood::Action, 0, 1, 40.00, 5154.95, 2709.45
1079.03,EAudioMood::Action, 1, 1, 40.00, 5381.19, 1157.18
1054.07,EAudioMood::Action, 1, 1, 40.00, 5217.01, 2369.33
1200.00,EAudioMood::Action, 0, 1, 40.00, 4974.68, 739.73
600.00,EAudioMood::Action, 0, 0, 40.00, 4494.18, 2362.51
1200.00,EAudioMood::Action, 0, 1, 40.00, 4453.73, 1362.53
1190.74,EAudioMood::Action, 0, 1, 40.00, 5497.06, 2339.24
1244.59,EAudioMood::Action, 1, 1, 40.00, 3377.00, 1920.15
1200.00,EAudioMood::Action, 0, 1, 40.00, 1153.85, 2644.24
1200.00,EAudioMood::Action, 0, 1, 40.00, 524.37, 825.56
600.00,EAudioMood::Action, 0, 0, 20.00, 1540.07, 744.68
600.00,EAudioMood::Action, 0, 0, 20.00, 740.45, 454.82
600.00,EAudioMood::Action, 0, 0, 20.00, 420.75, 1037.50
926.82,EAudioMood::Action, 0, 1, 20.00, 562.15, 2889.59
1217.55,EAudioMood::Action, 1, 0, 20.00, 2157.49, 1221.33
1200.00,EAudioMood::Action, 0, 1, 20.00, 1207.23, 1170.05
1200.00,EAudioMood::Action, 0, 1, 20.00, 242.36, 1967.55
1215.34,EAudioMood::Action, 1, 1, 20.00, 1891.32, 2288.20
1202.04,EAudioMood::Action, 1, 1, 20.00, 3653.01, 1138.32
1200.00,EAudioMood::Action, 0, 1, 20.00, 4053.25, 2467.93
1261.32,EAudioMood::Action, 1, 1, 20.00, 5815.56, 2757.71
1200.00,EAudioMood::Action, 0, 1, 20.00, 5563.25, 1080.49
1200.00,EAudioMood::Action, 0, 1, 20.00, 5338.44, 2089.85
1200.00,EAudioMood::Action, 0, 1, 20.00, 4353.45, 849.46
1200.06,EAudioMood::Action, 1, 1, 20.00, 3979.03, 1347.30
1200.00,EAudioMood::Action, 0, 1, 20.00, 3522.60, 2455.63
1256.04,EAudioMood::Action, 1, 1, 20.00, 1315.54, 2902.77
1236.33,EAudioMood::Action, 1, 1, 20.00, 230.02, 1046.60
1218.04,EAudioMood::Action, 1, 1, 20.00, 1606.78, 270.12
1203.02,EAudioMood::Action, 1, 1, 20.00, 2257.91, 1895.34
801.27,EAudioMood::Action, 0, 1, 20.00, 514.93, 2306.37
1104.48,EAudioMood::Action, 0, 1, 20.00, 1616.90, 2713.50
0.00,EAudioMood::Calm, 0, 0, 100.00, 900.00, 850.00
600.00,EAudioMood::Calm, 0, 0, 100.00, 758.32, 1784.04
600.00,EAudioMood::Calm, 0, 0, 100.00, 629.62, 2770.40
1200.00,EAudioMood::Tense, 0, 1, 100.00, 2308.06, 2779.55
600.00,EAudioMood::Calm, 0, 0, 100.00, 2655.54, 768.45
606.18,EAudioMood::Calm, 1, 0, 100.00, 1582.07, 283.00
643.78,EAudioMood::Calm, 1, 0, 100.00, 662.75, 666.61
643.78,EAudioMood::Calm, 1, 0, 100.00, 953.23, 1802.21
690.00,EAudioMood::Calm, 1, 0, 100.00, 1548.33, 2830.23
682.17,EAudioMood::Calm, 1, 0, 100.00, 2652.68, 2788.99
640.45,EAudioMood::Calm, 1, 0, 100.00, 3134.99, 1757.03
590.88,EAudioMood::Calm, 1, 0, 100.00, 2918.77, 656.96
552.20,EAudioMood::Calm, 1, 0, 100.00, 1925.51, 393.94
646.78,EAudioMood::Calm, 1, 0, 80.00, 1416.83, 1425.22
514.18,EAudioMood::Calm, 0, 0, 80.00, 941.19, 2523.54
373.35,EAudioMood::Calm, 1, 0, 80.00, 1688.33, 2787.76
493.12,EAudioMood::Calm, 1, 0, 80.00, 1574.48, 2789.17
1183.78,EAudioMood::Tense, 0, 1, 80.00, 549.33, 2554.65
501.53,EAudioMood::Calm, 0, 0, 80.00, 548.95, 243.06
634.13,EAudioMood::Tense, 0, 1, 80.00, 1734.01, 354.92
1201.59,EAudioMood::Calm, 1, 0, 80.00, 2149.19, 1977.13
600.00,EAudioMood::Calm, 0, 0, 80.00, 1156.15, 1984.22
606.01,EAudioMood::Calm, 1, 0, 80.00, 994.86, 795.21
311.42,EAudioMood::Calm, 1, 0, 80.00, 646.38, 263.55
623.08,EAudioMood::Calm, 1, 0, 80.00, 411.99, 1286.01
605.07,EAudioMood::Calm, 1, 0, 80.00, 336.91, 2483.56
611.69,EAudioMood::Calm, 1, 0, 80.00, 1100.44, 3213.37
1219.26,EAudioMood::Tense, 1, 1, 80.00, 2714.20, 2424.04
600.00,EAudioMood::Calm, 0, 0, 80.00, 2272.19, 314.87
622.76,EAudioMood::Calm, 1, 0, 80.00, 1093.92, 343.71
662.61,EAudioMood::Calm, 1, 0, 80.00, 427.97, 1267.74
646.34,EAudioMood::Calm, 1, 0, 80.00, 224.69, 2438.46
714.16,EAudioMood::Calm, 1, 0, 80.00, 992.57, 3042.89
600.00,EAudioMood::Calm, 0, 0, 80.00, 2007.15, 2453.91
600.00,EAudioMood::Calm, 0, 0, 80.00, 2642.43, 1438.36
1200.00,EAudioMood::Action, 0, 1, 80.00, 4078.13, 1471.51
1200.00,EAudioMood::Action, 0, 1, 80.00, 4770.55, 2789.05
1200.00,EAudioMood::Action, 0, 1, 80.00, 4005.74, 626.06
1246.78,EAudioMood::Action, 1, 1, 80.00, 4703.60, 2110.67
982.48,EAudioMood::Action, 1, 1, 80.00, 4413.70, 2106.92
600.00,EAudioMood::Calm, 0, 0, 80.00, 5270.55, 634.77
1200.00,EAudioMood::Action, 0, 1, 80.00, 4170.57, 1199.81
600.00,EAudioMood::Calm, 0, 0, 80.00, 2417.32, 843.85
1200.00,EAudioMood::Tense, 0, 1, 60.00, 1133.98, 489.24
1232.50,EAudioMood::Tense, 1, 1, 60.00, 449.42, 1941.70
600.00,EAudioMood::Calm, 0, 0, 60.00, 1564.15, 2733.90
600.00,EAudioMood::Calm, 0, 0, 60.00, 1497.97, 2337.70
0.00,EAudioMood::Calm, 0, 0, 60.00, 1458.56, 2280.49
282.34,EAudioMood::Calm, 1, 0, 60.00, 1458.56, 2280.49
266.02,EAudioMood::Calm, 1, 0, 60.00, 1458.56, 2280.49
257.84,EAudioMood::Calm, 1, 0, 60.00, 1458.56, 2280.49
315.01,EAudioMood::Calm, 1, 0, 60.00, 1458.56, 2280.49
233.34,EAudioMood::Calm, 1, 0, 60.00, 1458.56, 2280.49
241.51,EAudioMood::Calm, 1, 0, 60.00, 1458.56, 2280.49
346.50,EAudioMood::Calm, 1, 0, 60.00, 1458.56, 2280.49
85.16,EAudioMood::Calm, 1, 0, 60.00, 1458.56, 2280.49
600.00,EAudioMood::Calm, 0, 0, 60.00, 1588.67, 2182.20
1200.00,EAudioMood::Tense, 0, 1, 60.00, 859.68, 1073.14
1258.83,EAudioMood::Tense, 1, 1, 60.00, 1362.35, 2121.85
1201.20,EAudioMood::Tense, 1, 1, 60.00, 2504.23, 1584.41
1200.00,EAudioMood::Tense, 0, 1, 60.00, 838.63, 458.32
1201.97,EAudioMood::Tense, 1, 1, 60.00, 667.60, 2692.28
1219.26,EAudioMood::Tense, 1, 1, 60.00, 2538.90, 2639.00
1200.00,EAudioMood::Tense, 0, 1, 60.00, 2642.95, 450.77
1200.00,EAudioMood::Tense, 0, 1, 60.00, 667.82, 813.70
600.00,EAudioMood::Calm, 0, 0, 60.00, 1430.17, 1781.70
1200.00,EAudioMood::Tense, 0, 1, 60.00, 3046.71, 1987.75
600.00,EAudioMood::Action, 0, 0, 60.00, 4166.72, 1016.71
649.87,EAudioMood::Action, 1, 0, 60.00, 4134.20, 2212.55
134.16,EAudioMood::Action, 1, 0, 60.00, 4189.72, 2940.69
126.00,EAudioMood::Action, 1, 0, 60.00, 4189.72, 2940.69
600.00,EAudioMood::Action, 0, 0, 60.00, 4228.10, 2684.65
1200.00,EAudioMood::Action, 0, 1, 60.00, 4236.13, 894.96
1200.00,EAudioMood::Action, 0, 1, 60.00, 3800.34, 2314.39
600.00,EAudioMood::Calm, 0, 0, 60.00, 5296.22, 2195.67
1200.00,EAudioMood::Tense, 0, 1, 60.00, 5484.46, 401.47
1200.00,EAudioMood::Tense, 0, 1, 60.00, 5604.57, 2530.28
1200.00,EAudioMood::Tense, 0, 1, 60.00, 5596.19, 1163.03
1200.00,EAudioMood::Action, 0, 1, 60.00, 4615.59, 2590.99
1200.00,EAudioMood::Action, 0, 1, 60.00, 4955.70, 1057.61
821.32,EAudioMood::Tense, 0, 1, 60.00, 5232.51, 2691.59
1200.00,EAudioMood::Tense, 0, 1, 60.00, 5593.07, 1080.74
1200.00,EAudioMood::Action, 0, 1, 60.00, 4362.62, 1142.27
1200.00,EAudioMood::Action, 0, 1, 60.00, 4520.15, 1589.88
600.00,EAudioMood::Action, 0, 0, 60.00, 4959.13, 2232.61
1200.00,EAudioMood::Action, 0, 1, 60.00, 4071.05, 1249.25
1263.86,EAudioMood::Calm, 1, 1, 60.00, 1888.16, 2015.01
1200.00,EAudioMood::Calm, 0, 1, 60.00, 622.70, 1912.48
600.00,EAudioMood::Calm, 0, 0, 60.00, 1816.69, 347.12
1200.00,EAudioMood::Tense, 0, 1, 60.00, 2376.74, 1880.19
1200.00,EAudioMood::Tense, 0, 1, 60.00, 1112.41, 1284.70
600.00,EAudioMood::Calm, 0, 0, 60.00, 244.19, 1401.87
1203.62,EAudioMood::Tense, 1, 1, 60.00, 1433.66, 3016.98
603.06,EAudioMood::Calm, 1, 0, 60.00, 1626.71, 2686.45
1200.00,EAudioMood::Tense, 0, 1, 60.00, 274.62, 1190.96
600.00,EAudioMood::Calm, 0, 0, 60.00, 1208.04, 388.62
499.52,EAudioMood::Action, 0, 0, 40.00, 1237.10, 1359.65
1200.00,EAudioMood::Action, 0, 1, 40.00, 406.56, 1762.58
1138.52,EAudioMood::Action, 1, 1, 40.00, 1669.84, 3290.08
1200.00,EAudioMood::Action, 0, 1, 40.00, 3131.68, 1926.96
22.83,EAudioMood::Action, 0, 0, 40.00, 2412.28, 1220.08
330.17,EAudioMood::Action, 1, 0, 40.00, 2412.28, 1220.08
142.33,EAudioMood::Action, 1, 0, 40.00, 2412.28, 1220.08
354.67,EAudioMood::Action, 1, 0, 40.00, 2412.28, 1220.08
0.00,EAudioMood::Action, 0, 0, 40.00, 2412.28, 1220.08
0.00,EAudioMood::Action, 0, 0, 40.00, 2412.28, 1220.08
403.67,EAudioMood::Action, 1, 0, 40.00, 2412.28, 1220.08
176.17,EAudioMood::Action, 1, 0, 40.00, 2412.28, 1220.08
208.84,EAudioMood::Action, 1, 0, 40.00, 2412.28, 1220.08
379.17,EAudioMood::Action, 1, 0, 40.00, 2412.28, 1220.08
526.35,EAudioMood::Action, 0, 0, 40.00, 2383.46, 1284.09
1200.00,EAudioMood::Action, 0, 1, 40.00, 1422.53, 2423.32
1200.00,EAudioMood::Action, 0, 1, 40.00, 343.46, 1045.03
600.00,EAudioMood::Action, 0, 0, 20.00, 1417.45, 908.05
1200.00,EAudioMood::Action, 0, 1, 20.00, 922.43, 1144.60
1249.35,EAudioMood::Action, 1, 1, 20.00, 242.72, 1815.14
870.12,EAudioMood::Action, 1, 1, 20.00, 1027.08, 3340.59
1229.13,EAudioMood::Action, 1, 1, 20.00, 2934.58, 2075.30
600.00,EAudioMood::Action, 0, 0, 20.00, 3025.81, 1031.10
0.00,EAudioMood::Action, 0, 0, 20.00, 2594.23, 1748.15
0.00,EAudioMood::Action, 0, 0, 20.00, 2594.23, 1748.15
0.00,EAudioMood::Action, 0, 0, 20.00, 2594.23, 1748.15
0.00,EAudioMood::Action, 0, 0, 20.00, 2594.23, 1748.15
225.17,EAudioMood::Action, 1, 0, 20.00, 2594.23, 1748.15
1200.00,EAudioMood::Action, 0, 1, 20.00, 1693.57, 1442.30
1200.00,EAudioMood::Action, 0, 1, 20.00, 660.27, 1443.20
1129.07,EAudioMood::Action, 0, 1, 20.00, 1100.47, 3029.78
1200.00,EAudioMood::Action, 0, 1, 20.00, 3483.99, 3091.25
1200.00,EAudioMood::Action, 0, 1, 20.00, 4335.87, 1540.98
1200.00,EAudioMood::Action, 0, 1, 20.00, 4346.43, 867.97
1077.87,EAudioMood::Action, 0, 1, 20.00, 4463.31, 2551.96
1200.00,EAudioMood::Action, 0, 1, 20.00, 5373.46, 1754.12
1200.00,EAudioMood::Action, 0, 1, 20.00, 5389.09, 1458.73
647.15,EAudioMood::Action, 0, 0, 20.00, 4250.38, 2404.22
1200.00,EAudioMood::Action, 0, 1, 20.00, 4693.81, 1199.96
1186.86,EAudioMood::Action, 0, 1, 20.00, 3903.57, 1757.07
600.00,EAudioMood::Action, 0, 0, 20.00, 4126.44, 2795.24
1200.00,EAudioMood::Action, 0, 1, 20.00, 4679.36, 1200.90
1220.94,EAudioMood::Action, 1, 0, 20.00, 4432.85, 1925.65
719.47,EAudioMood::Action, 0, 1, 20.00, 3544.36, 2518.83
1256.39,EAudioMood::Action, 1, 0, 20.00, 1257.30, 2946.88
701.78,EAudioMood::Action, 1, 0, 20.00, 654.50, 2003.27
653.06,EAudioMood::Action, 1, 0, 20.00, 1620.05, 2216.79
1200.00,EAudioMood::Action, 0, 1, 20.00, 2789.69, 2791.66
1269.08,EAudioMood::Action, 1, 1, 20.00, 2319.71, 452.17
1205.11,EAudioMood::Action, 1, 1, 20.00, 913.48, 1308.72
0.00,EAudioMood::Calm, 0, 0, 100.00, 900.00, 850.00
600.00,EAudioMood::Calm, 0, 0, 80.00, 1427.84, 929.05
600.00,EAudioMood::Calm, 0, 0, 80.00, 1379.79, 1854.61
257.84,EAudioMood::Calm, 1, 0, 80.00, 1911.75, 2288.55
0.00,EAudioMood::Calm, 0, 0, 80.00, 1911.75, 2288.55
362.83,EAudioMood::Calm, 1, 0, 80.00, 1911.75, 2288.55
207.66,EAudioMood::Calm, 1, 0, 80.00, 1911.75, 2288.55
60.66,EAudioMood::Calm, 1, 0, 80.00, 1911.75, 2288.55
143.50,EAudioMood::Calm, 1, 0, 80.00, 1911.75, 2288.55
404.85,EAudioMood::Calm, 1, 0, 80.00, 1911.75, 2288.55
600.00,EAudioMood::Calm, 0, 0, 100.00, 933.32, 1112.72
1200.00,EAudioMood::Tense, 0, 1, 100.00, 686.56, 2815.30
1200.00,EAudioMood::Tense, 0, 1, 100.00, 704.12, 858.57
1200.00,EAudioMood::Tense, 0, 1, 100.00, 2922.38, 517.22
600.00,EAudioMood::Calm, 0, 0, 100.00, 4060.03, 1934.95
1200.00,EAudioMood::Tense, 0, 1, 100.00, 4510.13, 2304.91
600.00,EAudioMood::Calm, 0, 0, 100.00, 4464.44, 927.32
0.00,EAudioMood::Calm, 0, 0, 100.00, 900.00, 850.00
600.00,EAudioMood::Calm, 0, 0, 100.00, 698.63, 1722.22
608.52,EAudioMood::Calm, 1, 0, 100.00, 597.37, 2746.07
600.01,EAudioMood::Calm, 1, 0, 100.00, 1709.85, 3010.51
603.18,EAudioMood::Calm, 1, 0, 100.00, 2610.20, 2375.32
600.01,EAudioMood::Calm, 1, 0, 100.00, 2798.30, 1201.87
604.92,EAudioMood::Calm, 1, 0, 100.00, 2200.01, 289.95
625.00,EAudioMood::Calm, 1, 0, 100.00, 1011.59, 279.82
606.01,EAudioMood::Calm, 1, 0, 100.00, 263.84, 1066.34
602.29,EAudioMood::Calm, 1, 0, 100.00, 303.57, 2244.73
604.07,EAudioMood::Calm, 1, 0, 100.00, 1105.68, 3056.03
608.72,EAudioMood::Calm, 1, 0, 100.00, 2004.03, 2485.15
602.40,EAudioMood::Calm, 1, 0, 100.00, 2390.08, 1350.50
1200.00,EAudioMood::Tense, 0, 1, 100.00, 1777.01, 1286.32
1200.00,EAudioMood::Tense, 0, 1, 100.00, 581.85, 1482.43
619.70,EAudioMood::Tense, 1, 1, 100.00, 1505.59, 2775.78
1212.69,EAudioMood::Tense, 1, 1, 100.00, 781.22, 1197.16
1200.00,EAudioMood::Tense, 0, 1, 100.00, 1750.92, 287.31
1260.96,EAudioMood::Tense, 1, 1, 100.00, 1102.85, 2168.04
1200.00,EAudioMood::Tense, 0, 1, 100.00, 1270.55, 2449.02
1200.00,EAudioMood::Action, 0, 1, 100.00, 3663.48, 2386.55
1200.00,EAudioMood::Action, 0, 1, 100.00, 3893.54, 572.62
1204.28,EAudioMood::Action, 1, 1, 100.00, 4113.52, 2367.39
938.89,EAudioMood::Action, 1, 1, 100.00, 4029.00, 2535.82
367.71,EAudioMood::Action, 0, 0, 100.00, 3707.14, 609.46
692.86,EAudioMood::Action, 1, 0, 100.00, 3932.76, 1749.04
608.28,EAudioMood::Action, 1, 0, 100.00, 4074.21, 2920.57
600.00,EAudioMood::Action, 0, 0, 100.00, 4531.93, 2579.79
603.18,EAudioMood::Action, 1, 0, 100.00, 4632.38, 1384.05
937.28,EAudioMood::Tense, 0, 1, 100.00, 5286.14, 1072.60
1200.00,EAudioMood::Tense, 0, 1, 100.00, 5588.43, 2743.91
562.70,EAudioMood::Calm, 0, 0, 100.00, 5554.38, 930.04
602.29,EAudioMood::Calm, 1, 0, 100.00, 5587.05, 1875.54
1012.04,EAudioMood::Tense, 0, 1, 100.00, 5566.58, 2481.66
1200.00,EAudioMood::Action, 0, 1, 100.00, 4734.33, 1822.63
1238.61,EAudioMood::Action, 1, 0, 100.00, 4209.28, 1094.97
1200.00,EAudioMood::Action, 0, 1, 100.00, 3834.82, 1245.49
1200.00,EAudioMood::Tense, 0, 1, 100.00, 3078.69, 2810.28
1200.00,EAudioMood::Tense, 0, 1, 100.00, 1008.08, 2556.20
1198.85,EAudioMood::Tense, 1, 1, 100.00, 263.33, 343.31
1206.09,EAudioMood::Tense, 1, 1, 100.00, 184.03, 1565.16
600.00,EAudioMood::Calm, 0, 0, 100.00, 1013.23, 2043.42
600.00,EAudioMood::Calm, 0, 0, 100.00, 1263.92, 954.12
600.00,EAudioMood::Calm, 0, 0, 80.00, 1281.50, 1357.16
1253.65,EAudioMood::Tense, 1, 1, 80.00, 265.71, 916.64
1200.00,EAudioMood::Tense, 0, 1, 80.00, 808.90, 3195.81
1200.00,EAudioMood::Tense, 0, 1, 80.00, 2962.62, 2799.79
1200.00,EAudioMood::Tense, 0, 1, 80.00, 2793.37, 525.27
1216.66,EAudioMood::Tense, 1, 1, 80.00, 412.72, 394.45
1200.00,EAudioMood::Tense, 0, 1, 80.00, 358.46, 2178.45
1201.20,EAudioMood::Tense, 1, 1, 80.00, 1644.66, 3277.27
1200.00,EAudioMood::Tense, 0, 1, 80.00, 3209.14, 2029.90
1200.00,EAudioMood::Tense, 0, 1, 80.00, 1985.15, 344.40
1219.46,EAudioMood::Tense, 1, 1, 80.00, 377.84, 1479.07
600.00,EAudioMood::Calm, 0, 0, 80.00, 666.12, 3013.93
600.00,EAudioMood::Calm, 0, 0, 80.00, 1696.36, 2406.37
625.33,EAudioMood::Calm, 1, 0, 80.00, 2647.24, 1674.73
578.73,EAudioMood::Calm, 1, 0, 80.00, 2356.77, 1845.21
718.62,EAudioMood::Calm, 1, 0, 80.00, 3118.59, 1934.10
600.00,EAudioMood::Action, 0, 0, 80.00, 3954.38, 2447.68
719.27,EAudioMood::Action, 1, 0, 80.00, 4593.21, 3087.99
646.78,EAudioMood::Action, 1, 0, 80.00, 4564.95, 1962.34
649.87,EAudioMood::Action, 1, 0, 80.00, 4196.47, 820.31
606.01,EAudioMood::Action, 1, 0, 80.00, 4645.54, 909.16
634.92,EAudioMood::Action, 1, 0, 80.00, 4103.79, 1979.65
688.82,EAudioMood::Action, 1, 0, 80.00, 4419.10, 2937.46
1200.00,EAudioMood::Tense, 0, 1, 80.00, 5475.72, 2857.83
697.82,EAudioMood::Tense, 0, 1, 80.00, 5650.43, 740.74
1256.39,EAudioMood::Calm, 1, 0, 80.00, 5205.65, 2778.23
600.00,EAudioMood::Action, 0, 0, 80.00, 4887.27, 2001.20
1201.53,EAudioMood::Action, 1, 1, 80.00, 4213.45, 1468.40
668.11,EAudioMood::Action, 0, 1, 80.00, 3502.54, 2542.02
1200.00,EAudioMood::Action, 0, 1, 80.00, 4400.12, 1121.85
1209.40,EAudioMood::Calm, 1, 0, 80.00, 2792.27, 2668.52
1200.00,EAudioMood::Tense, 0, 1, 80.00, 1207.93, 3094.99
1249.02,EAudioMood::Tense, 1, 1, 80.00, 704.20, 988.36
1220.94,EAudioMood::Tense, 1, 1, 80.00, 2243.14, 524.20
600.00,EAudioMood::Calm, 0, 0, 80.00, 2647.06, 2017.90
1200.00,EAudioMood::Tense, 0, 1, 80.00, 982.86, 1305.31
600.00,EAudioMood::Calm, 0, 0, 60.00, 1603.77, 872.97
1200.00,EAudioMood::Tense, 0, 1, 60.00, 635.45, 1378.38
1200.82,EAudioMood::Tense, 1, 1, 60.00, 988.97, 3159.79
1200.00,EAudioMood::Tense, 0, 1, 60.00, 1396.50, 1996.00
1208.73,EAudioMood::Tense, 1, 1, 60.00, 348.03, 3023.91
1046.68,EAudioMood::Tense, 1, 1, 60.00, 1946.36, 2844.47
663.77,EAudioMood::Calm, 0, 0, 60.00, 3348.15, 939.28
1200.00,EAudioMood::Action, 0, 1, 60.00, 4008.32, 1989.08
1074.21,EAudioMood::Action, 0, 1, 60.00, 4548.88, 2095.10
1105.53,EAudioMood::Tense, 0, 1, 60.00, 3270.48, 936.55
1261.33,EAudioMood::Tense, 1, 1, 60.00, 1319.30, 2294.38
351.74,EAudioMood::Tense, 0, 1, 60.00, 580.33, 3286.46
1192.12,EAudioMood::Tense, 1, 1, 60.00, 2096.94, 2664.92
1200.00,EAudioMood::Action, 0, 1, 60.00, 4172.28, 2713.52
1207.61,EAudioMood::Tense, 1, 1, 60.00, 5481.35, 2167.30
174.83,EAudioMood::Tense, 1, 1, 60.00, 5434.98, 645.82
986.48,EAudioMood::Tense, 1, 1, 60.00, 5507.30, 1803.13
230.44,EAudioMood::Tense, 1, 1, 60.00, 5524.98, 3117.88
1141.77,EAudioMood::Tense, 1, 1, 60.00, 5660.35, 1886.08
1200.00,EAudioMood::Tense, 0, 1, 60.00, 5414.34, 1934.26
1200.00,EAudioMood::Action, 0, 1, 60.00, 4663.03, 1723.96
1207.48,EAudioMood::Action, 1, 1, 60.00, 4105.42, 1567.10
1200.00,EAudioMood::Action, 0, 1, 60.00, 4266.54, 1553.96
600.00,EAudioMood::Calm, 0, 0, 60.00, 5310.58, 2099.57
0.00,EAudioMood::Calm, 0, 0, 60.00, 5328.73, 2197.43
0.00,EAudioMood::Calm, 0, 0, 60.00, 5328.73, 2197.43
0.00,EAudioMood::Calm, 0, 0, 60.00, 5328.73, 2197.43
600.00,EAudioMood::Calm, 0, 0, 60.00, 5344.21, 2295.81
600.00,EAudioMood::Calm, 0, 0, 60.00, 5576.53, 2453.34
1200.00,EAudioMood::Tense, 0, 1, 60.00, 5065.81, 1364.75
1200.00,EAudioMood::Action, 0, 1, 60.00, 4053.97, 2080.04
1200.00,EAudioMood::Tense, 0, 1, 60.00, 2028.19, 1752.24
1200.00,EAudioMood::Action, 0, 1, 40.00, 640.37, 463.24
1269.08,EAudioMood::Action, 1, 0, 40.00, 267.42, 2751.75
692.86,EAudioMood::Action, 1, 0, 40.00, 1213.44, 3322.56
669.71,EAudioMood::Action, 1, 0, 40.00, 2255.94, 2770.85
673.37,EAudioMood::Action, 1, 0, 40.00, 2855.56, 1735.22
669.71,EAudioMood::Action, 1, 0, 40.00, 2793.55, 612.25
652.59,EAudioMood::Action, 1, 0, 40.00, 1707.98, 220.61
649.42,EAudioMood::Action, 1, 0, 40.00, 753.41, 836.78
692.86,EAudioMood::Action, 1, 0, 40.00, 433.14, 1986.90
1200.00,EAudioMood::Action, 0, 1, 40.00, 1397.47, 2908.15
1212.86,EAudioMood::Action, 1, 1, 40.00, 3279.12, 1419.54
1242.45,EAudioMood::Action, 1, 1, 40.00, 4488.40, 1406.36
487.69,EAudioMood::Action, 0, 1, 40.00, 3662.59, 3168.08
1261.33,EAudioMood::Action, 1, 1, 40.00, 4225.48, 1850.84
1200.00,EAudioMood::Action, 0, 1, 40.00, 4146.54, 1550.41
1200.00,EAudioMood::Action, 0, 1, 40.00, 5322.47, 2903.65
600.00,EAudioMood::Action, 0, 0, 40.00, 5475.59, 550.15
600.00,EAudioMood::Action, 0, 0, 40.00, 5550.91, 1551.40
1200.00,EAudioMood::Action, 0, 1, 40.00, 5301.05, 2423.06
1200.00,EAudioMood::Action, 0, 1, 40.00, 5203.85, 1021.52
1200.00,EAudioMood::Action, 0, 1, 40.00, 4423.40, 1701.97
1263.86,EAudioMood::Action, 1, 1, 40.00, 2669.21, 168.76
1213.90,EAudioMood::Action, 1, 1, 20.00, 1663.41, 1509.09
1212.93,EAudioMood::Action, 1, 1, 20.00, 570.16, 3177.85
600.00,EAudioMood::Action, 0, 0, 20.00, 654.36, 2156.41
656.32,EAudioMood::Action, 1, 0, 20.00, 1697.66, 2748.37
658.82,EAudioMood::Action, 1, 0, 20.00, 2777.57, 3253.86
677.66,EAudioMood::Action, 1, 0, 20.00, 2889.71, 2412.50
618.87,EAudioMood::Action, 1, 0, 20.00, 2754.62, 1220.19
600.65,EAudioMood::Action, 1, 0, 20.00, 2004.89, 377.71
600.65,EAudioMood::Action, 1, 0, 20.00, 823.81, 243.16
1200.00,EAudioMood::Action, 0, 1, 20.00, 358.79, 1912.67
600.00,EAudioMood::Action, 0, 0, 20.00, 1187.91, 3216.67
659.19,EAudioMood::Action, 1, 0, 20.00, 2322.17, 2825.73
688.82,EAudioMood::Action, 1, 0, 20.00, 3183.54, 2079.41
917.07,EAudioMood::Action, 0, 1, 20.00, 3423.53, 888.86
1200.00,EAudioMood::Action, 0, 1, 20.00, 3761.24, 2296.41
1200.00,EAudioMood::Action, 0, 1, 20.00, 4508.76, 1294.85
1206.72,EAudioMood::Action, 1, 1, 20.00, 5519.09, 1765.16
1200.00,EAudioMood::Action, 0, 1, 20.00, 5588.06, 1078.30
1085.30,EAudioMood::Action, 1, 1, 20.00, 5461.85, 1704.05
600.00,EAudioMood::Action, 0, 0, 20.00, 5484.11, 3178.74
1200.00,EAudioMood::Action, 0, 1, 20.00, 5194.61, 1193.29
1201.59,EAudioMood::Action, 1, 1, 20.00, 3306.71, 1575.26
1212.86,EAudioMood::Action, 1, 0, 20.00, 1192.96, 2603.82
337.40,EAudioMood::Calm, 0, 0, 100.00, 928.48, 862.48
600.37,EAudioMood::Calm, 1, 0, 100.00, 729.31, 1712.40
608.72,EAudioMood::Calm, 1, 0, 100.00, 426.47, 2803.05
577.67,EAudioMood::Calm, 1, 0, 100.00, 1043.76, 3259.60
681.50,EAudioMood::Calm, 1, 0, 100.00, 2132.97, 2799.18
655.85,EAudioMood::Calm, 1, 0, 100.00, 3124.93, 2131.28
643.35,EAudioMood::Calm, 1, 0, 100.00, 3203.37, 1091.52
634.92,EAudioMood::Calm, 1, 0, 100.00, 2284.97, 355.09
618.59,EAudioMood::Calm, 1, 0, 100.00, 1102.78, 174.03
620.62,EAudioMood::Calm, 1, 0, 100.00, 225.18, 780.99
600.33,EAudioMood::Calm, 1, 0, 100.00, 218.16, 1977.63
600.00,EAudioMood::Calm, 0, 0, 100.00, 636.33, 2971.66
975.27,EAudioMood::Tense, 0, 1, 100.00, 1838.85, 3224.64
1200.00,EAudioMood::Tense, 0, 1, 100.00, 3037.84, 1749.46
1121.58,EAudioMood::Tense, 1, 1, 100.00, 1444.31, 155.54
1218.04,EAudioMood::Tense, 1, 1, 100.00, 307.68, 1955.32
600.00,EAudioMood::Calm, 0, 0, 100.00, 1007.06, 2506.51
0.00,EAudioMood::Calm, 0, 0, 100.00, 1096.23, 2412.56
0.00,EAudioMood::Calm, 0, 0, 100.00, 1096.23, 2412.56
0.00,EAudioMood::Calm, 0, 0, 100.00, 1096.23, 2412.56
170.67,EAudioMood::Calm, 0, 0, 100.00, 1101.61, 2406.89
600.00,EAudioMood::Calm, 0, 0, 100.00, 1994.96, 2805.92
1234.66,EAudioMood::Tense, 1, 1, 100.00, 2804.95, 1492.47
1210.60,EAudioMood::Tense, 1, 1, 100.00, 1411.96, 262.29
600.00,EAudioMood::Calm, 0, 0, 100.00, 520.68, 660.44
600.00,EAudioMood::Calm, 0, 0, 100.00, 1492.13, 252.65
0.00,EAudioMood::Calm, 0, 0, 100.00, 1524.89, 263.57
600.00,EAudioMood::Calm, 0, 0, 100.00, 877.20, 432.65
1200.00,EAudioMood::Tense, 0, 1, 100.00, 376.77, 1496.06
1098.99,EAudioMood::Calm, 1, 0, 100.00, 1584.52, 3344.39
640.86,EAudioMood::Calm, 1, 0, 100.00, 2188.35, 2349.49
653.06,EAudioMood::Calm, 1, 0, 100.00, 2023.40, 1224.98
1200.00,EAudioMood::Tense, 0, 1, 80.00, 985.52, 347.03
1240.36,EAudioMood::Tense, 1, 1, 80.00, 535.58, 2084.24
1093.68,EAudioMood::Tense, 1, 1, 80.00, 1863.97, 3329.48
1230.66,EAudioMood::Tense, 1, 1, 80.00, 3021.40, 1788.93
600.00,EAudioMood::Calm, 0, 0, 80.00, 1856.56, 158.77
600.00,EAudioMood::Calm, 0, 0, 80.00, 666.70, 289.35
600.00,EAudioMood::Calm, 0, 0, 80.00, 236.21, 1332.17
1200.00,EAudioMood::Tense, 0, 1, 80.00, 524.37, 2989.13
600.00,EAudioMood::Calm, 0, 0, 80.00, 2726.54, 2966.31
600.00,EAudioMood::Calm, 0, 0, 80.00, 3192.09, 1907.70
1240.36,EAudioMood::Tense, 1, 1, 80.00, 2491.35, 274.24
1200.00,EAudioMood::Tense, 0, 1, 80.00, 325.22, 807.22
600.00,EAudioMood::Calm, 0, 0, 80.00, 341.36, 2579.16
600.00,EAudioMood::Calm, 0, 0, 80.00, 1189.76, 3251.07
1200.00,EAudioMood::Tense, 0, 1, 80.00, 2829.42, 2978.02
1201.59,EAudioMood::Tense, 1, 1, 80.00, 2672.87, 848.28
1142.99,EAudioMood::Tense, 1, 1, 80.00, 723.94, 724.84
601.09,EAudioMood::Calm, 1, 0, 80.00, 1208.88, 2399.32
273.00,EAudioMood::Calm, 1, 0, 80.00, 1777.67, 2230.96
36.16,EAudioMood::Calm, 1, 0, 80.00, 1777.67, 2230.96
117.83,EAudioMood::Calm, 1, 0, 80.00, 1777.67, 2230.96
11.66,EAudioMood::Calm, 1, 0, 80.00, 1777.67, 2230.96
77.00,EAudioMood::Calm, 1, 0, 80.00, 1777.67, 2230.96
1200.00,EAudioMood::Tense, 0, 1, 80.00, 1416.98, 2096.36
1200.00,EAudioMood::Tense, 0, 1, 80.00, 691.06, 388.91
1200.00,EAudioMood::Tense, 0, 1, 80.00, 2463.80, 1331.59
1209.40,EAudioMood::Tense, 1, 1, 80.00, 978.45, 2144.05
926.39,EAudioMood::Tense, 1, 1, 80.00, 618.32, 335.49
1207.48,EAudioMood::Tense, 1, 1, 60.00, 1248.75, 1565.87
818.68,EAudioMood::Tense, 1, 1, 60.00, 346.94, 3055.81
1234.39,EAudioMood::Tense, 1, 1, 60.00, 2076.21, 2975.39
1258.48,EAudioMood::Tense, 1, 1, 60.00, 2657.15, 729.99
1258.83,EAudioMood::Tense, 1, 1, 60.00, 856.84, 450.40
600.00,EAudioMood::Calm, 0, 0, 60.00, 340.70, 2151.87
600.00,EAudioMood::Calm, 0, 0, 60.00, 1041.01, 2983.75
600.00,EAudioMood::Calm, 0, 0, 60.00, 2200.80, 2676.92
600.00,EAudioMood::Calm, 0, 0, 60.00, 2903.98, 1829.44
689.41,EAudioMood::Calm, 1, 0, 60.00, 2795.72, 653.95
1200.00,EAudioMood::Tense, 0, 1, 60.00, 1287.85, 349.05
600.00,EAudioMood::Calm, 0, 0, 60.00, 242.10, 1993.36
1201.20,EAudioMood::Tense, 1, 1, 60.00, 1374.18, 2961.94
600.00,EAudioMood::Calm, 0, 0, 60.00, 3143.08, 2450.98
1200.00,EAudioMood::Tense, 0, 1, 60.00, 2298.42, 2519.04
1201.59,EAudioMood::Tense, 1, 1, 60.00, 632.87, 2659.89
600.00,EAudioMood::Calm, 0, 0, 60.00, 302.90, 577.20
600.00,EAudioMood::Calm, 0, 0, 60.00, 1264.57, 560.33
1260.96,EAudioMood::Action, 1, 1, 40.00, 337.83, 1492.19
666.12,EAudioMood::Action, 1, 0, 40.00, 758.38, 3333.97
688.82,EAudioMood::Action, 1, 0, 40.00, 1951.00, 3201.65
677.12,EAudioMood::Action, 1, 0, 40.00, 2997.11, 2728.52
646.34,EAudioMood::Action, 1, 0, 40.00, 3252.80, 1564.56
632.30,EAudioMood::Action, 1, 0, 40.00, 2807.56, 524.12
659.19,EAudioMood::Action, 1, 0, 40.00, 1734.33, 185.40
632.30,EAudioMood::Action, 1, 0, 40.00, 596.76, 504.23
688.82,EAudioMood::Action, 1, 0, 40.00, 247.11, 1562.46
677.12,EAudioMood::Action, 1, 0, 40.00, 438.97, 2738.65
714.16,EAudioMood::Action, 1, 0, 40.00, 1362.21, 3333.19
600.00,EAudioMood::Action, 0, 0, 40.00, 2545.83, 3136.96
1200.00,EAudioMood::Action, 0, 1, 40.00, 3130.94, 1895.98
1200.00,EAudioMood::Action, 0, 1, 40.00, 4141.35, 902.24
600.00,EAudioMood::Action, 0, 0, 40.00, 3939.94, 2613.16
537.59,EAudioMood::Action, 1, 0, 40.00, 4669.17, 3338.98
600.00,EAudioMood::Action, 0, 0, 40.00, 4611.12, 2302.97
600.00,EAudioMood::Action, 0, 0, 40.00, 4823.29, 1124.27
1242.76,EAudioMood::Action, 1, 1, 40.00, 5544.74, 1874.18
1200.00,EAudioMood::Action, 0, 1, 40.00, 5690.16, 1146.25
1060.93,EAudioMood::Action, 1, 1, 40.00, 5606.02, 1928.39
967.65,EAudioMood::Action, 1, 1, 40.00, 5120.45, 1848.55
1203.62,EAudioMood::Calm, 1, 0, 40.00, 3403.96, 1138.07
1200.00,EAudioMood::Action, 0, 1, 40.00, 1918.77, 1238.96
600.33,EAudioMood::Action, 1, 0, 20.00, 527.52, 452.22
640.45,EAudioMood::Action, 1, 0, 20.00, 572.87, 1618.69
600.00,EAudioMood::Action, 0, 0, 20.00, 798.24, 2797.36
627.34,EAudioMood::Action, 1, 0, 20.00, 1663.47, 2901.35
649.42,EAudioMood::Action, 1, 0, 20.00, 2549.67, 2092.45
1200.00,EAudioMood::Action, 0, 1, 20.00, 2387.25, 549.95
202.53,EAudioMood::Action, 0, 1, 20.00, 156.21, 226.70
1200.18,EAudioMood::Action, 1, 1, 20.00, 545.53, 2352.29
1219.26,EAudioMood::Action, 1, 1, 20.00, 2337.10, 2443.79
600.00,EAudioMood::Action, 0, 0, 20.00, 3894.00, 897.09
1225.46,EAudioMood::Action, 1, 1, 20.00, 4583.66, 950.88
543.64,EAudioMood::Action, 0, 0, 20.00, 4159.69, 2792.97
11.66,EAudioMood::Action, 1, 0, 20.00, 4325.87, 2395.54
0.00,EAudioMood::Action, 0, 0, 20.00, 4325.87, 2395.54
264.83,EAudioMood::Action, 1, 0, 20.00, 4325.87, 2395.54
872.02,EAudioMood::Action, 0, 1, 20.00, 4387.00, 1937.74
1236.33,EAudioMood::Action, 1, 1, 20.00, 5311.24, 1021.33
1200.00,EAudioMood::Action, 0, 1, 20.00, 5628.19, 2542.75
1045.53,EAudioMood::Action, 0, 1, 20.00, 5423.04, 786.21
1200.00,EAudioMood::Action, 0, 1, 20.00, 5092.36, 2859.91
600.00,EAudioMood::Action, 0, 0, 20.00, 4250.50, 1201.83
1009.29,EAudioMood::Action, 0, 1, 20.00, 3158.68, 1477.41
1200.00,EAudioMood::Action, 0, 1, 20.00, 1430.92, 2981.76
0.00,EAudioMood::Calm, 0, 0, 100.00, 900.00, 850.00
0.00,EAudioMood::Calm, 0, 0, 100.00, 900.00, 850.00
600.00,EAudioMood::Calm, 0, 0, 100.00, 688.17, 1575.64
1268.70,EAudioMood::Tense, 1, 1, 100.00, 1054.36, 3223.27
1096.04,EAudioMood::Tense, 0, 1, 100.00, 3170.68, 2638.13
1104.86,EAudioMood::Tense, 1, 1, 100.00, 2614.00, 423.74
680.94,EAudioMood::Calm, 1, 0, 100.00, 1139.63, 271.52
632.30,EAudioMood::Calm, 1, 0, 100.00, 254.01, 969.80
614.82,EAudioMood::Calm, 1, 0, 100.00, 354.77, 2158.58
535.06,EAudioMood::Calm, 1, 0, 100.00, 951.01, 2960.82
605.07,EAudioMood::Calm, 1, 0, 100.00, 968.52, 2135.64
649.87,EAudioMood::Calm, 1, 0, 100.00, 415.80, 1080.86
618.87,EAudioMood::Calm, 1, 0, 100.00, 649.83, 1186.81
638.04,EAudioMood::Calm, 1, 0, 100.00, 955.82, 2233.57
4.67,EAudioMood::Calm, 1, 0, 100.00, 1070.84, 2324.39
192.51,EAudioMood::Calm, 1, 0, 100.00, 1070.84, 2324.39
991.71,EAudioMood::Tense, 0, 1, 100.00, 1483.24, 2516.83
1202.54,EAudioMood::Tense, 1, 1, 100.00, 2912.57, 1958.27
1205.89,EAudioMood::Tense, 1, 1, 100.00, 1649.58, 175.41
600.00,EAudioMood::Calm, 0, 0, 100.00, 355.95, 1499.13
627.33,EAudioMood::Calm, 1, 0, 100.00, 579.38, 2651.72
649.42,EAudioMood::Calm, 1, 0, 100.00, 1585.26, 3178.92
1200.00,EAudioMood::Action, 0, 1, 100.00, 3493.87, 3118.57
1200.00,EAudioMood::Tense, 0, 1, 100.00, 5461.14, 2369.28
655.85,EAudioMood::Calm, 1, 0, 100.00, 5472.86, 1022.77
634.92,EAudioMood::Calm, 1, 0, 100.00, 5402.99, 2220.25
745.38,EAudioMood::Tense, 0, 1, 100.00, 5543.80, 3043.08
600.00,EAudioMood::Calm, 0, 0, 100.00, 5478.13, 926.61
635.31,EAudioMood::Calm, 1, 0, 100.00, 5633.13, 1930.04
1200.00,EAudioMood::Tense, 0, 1, 100.00, 5590.91, 2151.37
1200.00,EAudioMood::Action, 0, 1, 100.00, 3888.17, 1640.72
1208.55,EAudioMood::Tense, 1, 1, 100.00, 1669.12, 2500.78
627.34,EAudioMood::Calm, 1, 0, 100.00, 460.32, 3052.49
666.12,EAudioMood::Calm, 1, 0, 100.00, 1572.06, 2831.41
1092.24,EAudioMood::Tense, 0, 1, 100.00, 2772.59, 2947.74
600.00,EAudioMood::Calm, 0, 0, 100.00, 2788.44, 845.84
673.37,EAudioMood::Calm, 1, 0, 100.00, 1775.14, 1319.52
614.82,EAudioMood::Calm, 1, 0, 100.00, 1176.36, 2357.94
600.00,EAudioMood::Calm, 0, 0, 100.00, 420.03, 2553.15
600.00,EAudioMood::Calm, 0, 0, 100.00, 1060.09, 1538.19
1174.69,EAudioMood::Tense, 0, 1, 80.00, 1951.46, 1152.42
1204.28,EAudioMood::Tense, 1, 1, 80.00, 2254.46, 2760.40
1249.02,EAudioMood::Tense, 1, 1, 80.00, 211.52, 2592.07
1190.04,EAudioMood::Tense, 0, 1, 80.00, 714.52, 350.71
1269.08,EAudioMood::Tense, 1, 1, 80.00, 2936.00, 978.77
1208.55,EAudioMood::Tense, 1, 1, 80.00, 1555.16, 2743.59
847.87,EAudioMood::Tense, 1, 1, 80.00, 217.63, 2770.42
1200.54,EAudioMood::Tense, 1, 1, 80.00, 707.03, 656.20
600.00,EAudioMood::Calm, 0, 0, 80.00, 1817.86, 258.38
1200.00,EAudioMood::Tense, 0, 1, 80.00, 2927.51, 1715.29
1200.00,EAudioMood::Tense, 0, 1, 80.00, 1290.60, 1849.18
840.98,EAudioMood::Tense, 1, 1, 80.00, 249.86, 389.32
601.09,EAudioMood::Calm, 1, 0, 80.00, 362.56, 1282.75
613.33,EAudioMood::Calm, 1, 0, 80.00, 640.93, 2450.02
656.32,EAudioMood::Calm, 1, 0, 80.00, 1515.67, 3080.93
681.50,EAudioMood::Calm, 1, 0, 80.00, 2178.96, 2160.76
681.50,EAudioMood::Calm, 1, 0, 80.00, 2492.51, 1002.97
600.01,EAudioMood::Calm, 1, 0, 80.00, 2710.63, 755.71
603.18,EAudioMood::Calm, 1, 0, 80.00, 2769.67, 1930.17
613.33,EAudioMood::Calm, 1, 0, 80.00, 1911.92, 2481.74
604.07,EAudioMood::Calm, 1, 0, 80.00, 793.17, 2479.81
0.00,EAudioMood::Calm, 0, 0, 80.00, 668.40, 2865.26
0.00,EAudioMood::Calm, 0, 0, 80.00, 668.40, 2865.26
0.00,EAudioMood::Calm, 0, 0, 80.00, 668.40, 2865.26
0.00,EAudioMood::Calm, 0, 0, 80.00, 668.40, 2865.26
1200.00,EAudioMood::Tense, 0, 1, 80.00, 1398.52, 3126.49
1212.69,EAudioMood::Tense, 1, 1, 80.00, 2939.02, 1767.02
1220.73,EAudioMood::Tense, 1, 1, 80.00, 1877.84, 515.19
704.15,EAudioMood::Tense, 1, 1, 80.00, 196.33, 832.66
1206.60,EAudioMood::Tense, 1, 1, 80.00, 649.81, 2803.93
600.00,EAudioMood::Calm, 0, 0, 80.00, 748.48, 2577.75
634.13,EAudioMood::Tense, 0, 1, 80.00, 388.64, 1464.54
1249.02,EAudioMood::Tense, 1, 1, 80.00, 1640.83, 178.41
600.00,EAudioMood::Calm, 0, 0, 80.00, 2320.14, 791.26
1200.00,EAudioMood::Tense, 0, 1, 60.00, 1034.81, 545.60
1256.04,EAudioMood::Tense, 1, 1, 60.00, 324.86, 1895.92
1185.42,EAudioMood::Tense, 1, 1, 60.00, 1681.81, 3293.29
1230.66,EAudioMood::Tense, 1, 1, 60.00, 3251.75, 1958.66
1157.24,EAudioMood::Tense, 1, 1, 60.00, 2310.66, 217.22
1177.55,EAudioMood::Tense, 1, 1, 60.00, 224.06, 956.91
600.00,EAudioMood::Calm, 0, 0, 60.00, 473.48, 2991.87
1200.00,EAudioMood::Tense, 0, 1, 60.00, 2104.04, 3283.62
1253.65,EAudioMood::Tense, 1, 1, 60.00, 3122.37, 1654.45
1249.02,EAudioMood::Tense, 1, 1, 60.00, 1656.70, 179.98
1200.00,EAudioMood::Tense, 0, 1, 60.00, 159.68, 1471.82
600.00,EAudioMood::Calm, 0, 0, 60.00, 754.78, 3047.01
1200.00,EAudioMood::Tense, 0, 1, 60.00, 2795.02, 2651.92
1263.86,EAudioMood::Tense, 1, 1, 60.00, 2255.58, 328.71
1242.76,EAudioMood::Tense, 1, 1, 60.00, 204.57, 1021.78
1230.92,EAudioMood::Tense, 1, 1, 60.00, 627.51, 3212.42
670.23,EAudioMood::Calm, 1, 0, 60.00, 1632.65, 2333.93
600.00,EAudioMood::Calm, 0, 0, 60.00, 2282.23, 1325.32
423.95,EAudioMood::Calm, 0, 0, 60.00, 2661.10, 201.15
600.00,EAudioMood::Calm, 0, 0, 60.00, 2571.00, 825.39
600.00,EAudioMood::Calm, 0, 0, 60.00, 1757.54, 1647.71
714.81,EAudioMood::Calm, 1, 0, 60.00, 731.15, 2031.20
1249.35,EAudioMood::Tense, 1, 1, 60.00, 1475.94, 3133.91
1200.00,EAudioMood::Tense, 0, 1, 60.00, 3019.78, 2311.41
1261.32,EAudioMood::Tense, 1, 1, 60.00, 2465.22, 168.84
1121.28,EAudioMood::Tense, 0, 1, 60.00, 302.25, 664.02
663.77,EAudioMood::Calm, 0, 0, 60.00, 466.82, 2716.05
693.45,EAudioMood::Calm, 1, 0, 60.00, 1532.16, 2854.37
677.12,EAudioMood::Calm, 1, 0, 60.00, 2581.41, 2295.82
978.16,EAudioMood::Tense, 0, 1, 60.00, 3052.22, 1234.67
1210.44,EAudioMood::Tense, 1, 1, 60.00, 1052.19, 541.53
607.22,EAudioMood::Calm, 1, 0, 60.00, 331.81, 1557.14
602.40,EAudioMood::Calm, 1, 0, 60.00, 1392.85, 2042.08
600.00,EAudioMood::Calm, 0, 0, 60.00, 1948.85, 2283.79
600.00,EAudioMood::Calm, 0, 0, 60.00, 1345.37, 2474.50
1200.00,EAudioMood::Tense, 0, 1, 60.00, 1721.54, 1681.11
1200.00,EAudioMood::Tense, 0, 1, 60.00, 1291.34, 2238.62
1200.00,EAudioMood::Tense, 0, 1, 60.00, 2628.69, 2456.26
600.00,EAudioMood::Calm, 0, 0, 60.00, 2347.64, 820.50
600.00,EAudioMood::Calm, 0, 0, 100.00, 982.26, 919.46
1200.00,EAudioMood::Tense, 0, 1, 100.00, 406.47, 2212.44
1200.00,EAudioMood::Tense, 0, 1, 100.00, 2122.22, 3045.80
608.52,EAudioMood::Calm, 1, 0, 100.00, 2683.20, 1175.47
601.72,EAudioMood::Calm, 1, 0, 100.00, 2091.78, 208.09
659.67,EAudioMood::Calm, 1, 0, 100.00, 929.51, 331.82
1200.00,EAudioMood::Tense, 0, 1, 100.00, 280.96, 1576.79
1143.23,EAudioMood::Tense, 0, 1, 100.00, 1564.07, 2810.90
1130.90,EAudioMood::Tense, 0, 1, 100.00, 3359.93, 1547.99
1210.44,EAudioMood::Tense, 1, 1, 100.00, 1669.33, 251.22
917.14,EAudioMood::Tense, 1, 1, 100.00, 209.02, 1289.49
1256.04,EAudioMood::Tense, 1, 1, 100.00, 1839.73, 1466.39
600.00,EAudioMood::Action, 0, 0, 100.00, 3974.08, 855.74
600.00,EAudioMood::Action, 0, 0, 100.00, 4075.84, 1961.73
1200.00,EAudioMood::Action, 0, 1, 100.00, 4831.01, 2505.32
600.00,EAudioMood::Action, 0, 0, 100.00, 4465.84, 734.51
1200.00,EAudioMood::Action, 0, 1, 100.00, 3771.87, 1903.74
1203.02,EAudioMood::Action, 1, 0, 100.00, 3743.14, 1982.90
600.00,EAudioMood::Action, 0, 0, 100.00, 3900.26, 764.31
607.22,EAudioMood::Calm, 1, 0, 100.00, 5222.03, 858.60
620.62,EAudioMood::Calm, 1, 0, 100.00, 5164.15, 2054.05
1246.78,EAudioMood::Tense, 1, 1, 100.00, 5366.39, 2597.63
839.32,EAudioMood::Tense, 0, 1, 100.00, 5567.51, 722.00
1200.00,EAudioMood::Action, 0, 1, 100.00, 4907.58, 2834.35
1157.40,EAudioMood::Action, 0, 1, 100.00, 4112.65, 816.50
1200.00,EAudioMood::Tense, 0, 1, 100.00, 5109.65, 2209.50
1200.00,EAudioMood::Tense, 0, 1, 100.00, 5290.87, 1468.88
1200.86,EAudioMood::Tense, 1, 1, 100.00, 5255.98, 2179.02
1151.69,EAudioMood::Action, 0, 1, 100.00, 4471.17, 1070.76
1238.61,EAudioMood::Tense, 1, 1, 100.00, 2735.57, 2564.74
1269.08,EAudioMood::Calm, 1, 0, 100.00, 420.62, 3161.88
1199.98,EAudioMood::Tense, 0, 1, 100.00, 155.12, 1508.06
1249.02,EAudioMood::Tense, 1, 1, 100.00, 1592.85, 213.52
600.00,EAudioMood::Calm, 0, 0, 100.00, 2407.71, 1193.11
1200.00,EAudioMood::Tense, 0, 1, 100.00, 898.45, 962.80
1196.82,EAudioMood::Tense, 1, 1, 100.00, 928.60, 2153.39
1200.00,EAudioMood::Tense, 0, 1, 100.00, 2484.99, 3021.26
1210.44,EAudioMood::Tense, 1, 1, 100.00, 2669.49, 733.12
600.00,EAudioMood::Calm, 0, 0, 100.00, 759.77, 210.69
941.34,EAudioMood::Tense, 0, 1, 100.00, 460.16, 1363.14
1202.04,EAudioMood::Tense, 1, 1, 100.00, 1288.98, 2745.17
1216.66,EAudioMood::Calm, 1, 0, 100.00, 2648.06, 970.37
600.00,EAudioMood::Calm, 0, 0, 100.00, 2297.15, 903.26
1200.00,EAudioMood::Tense, 0, 1, 80.00, 1148.14, 362.67
1201.15,EAudioMood::Tense, 1, 1, 80.00, 575.84, 2007.83
1060.58,EAudioMood::Tense, 0, 1, 80.00, 1100.03, 3117.66
1202.47,EAudioMood::Tense, 1, 1, 80.00, 425.53, 982.30
1200.00,EAudioMood::Tense, 0, 1, 80.00, 2143.85, 770.80
1203.02,EAudioMood::Tense, 1, 1, 80.00, 591.73, 2003.00
718.62,EAudioMood::Calm, 1, 0, 80.00, 664.54, 2820.82
643.35,EAudioMood::Calm, 1, 0, 80.00, 1763.14, 3021.31
677.12,EAudioMood::Calm, 1, 0, 80.00, 2298.08, 2073.24
714.16,EAudioMood::Calm, 1, 0, 80.00, 2245.30, 874.41
600.00,EAudioMood::Calm, 0, 0, 80.00, 2703.54, 261.55
899.42,EAudioMood::Tense, 0, 1, 80.00, 2375.31, 1354.10
1058.62,EAudioMood::Tense, 1, 1, 80.00, 753.92, 1030.31
511.75,EAudioMood::Calm, 0, 0, 80.00, 1701.55, 2749.76
714.16,EAudioMood::Calm, 1, 0, 80.00, 918.84, 1899.09
1020.15,EAudioMood::Tense, 0, 1, 80.00, 414.44, 792.91
1200.00,EAudioMood::Tense, 0, 1, 80.00, 2359.83, 868.64
1247.10,EAudioMood::Tense, 1, 1, 80.00, 1026.51, 2642.92
1253.99,EAudioMood::Tense, 1, 1, 80.00, 1360.05, 1592.15
600.00,EAudioMood::Calm, 0, 0, 80.00, 1512.81, 327.64
1200.00,EAudioMood::Action, 0, 1, 80.00, 3649.23, 556.24
1200.00,EAudioMood::Action, 0, 1, 80.00, 3792.71, 2539.10
1205.11,EAudioMood::Action, 1, 1, 80.00, 4507.58, 2284.41
1208.04,EAudioMood::Action, 1, 1, 80.00, 4714.03, 991.23
600.00,EAudioMood::Action, 0, 0, 80.00, 4476.52, 1616.80
600.00,EAudioMood::Action, 0, 0, 80.00, 4317.33, 459.23
600.00,EAudioMood::Action, 0, 0, 80.00, 4720.81, 782.36
1200.00,EAudioMood::Tense, 0, 1, 80.00, 5169.00, 1484.52
1203.02,EAudioMood::Tense, 1, 1, 80.00, 5644.75, 1948.30
600.00,EAudioMood::Action, 0, 0, 80.00, 5015.80, 1703.83
600.00,EAudioMood::Action, 0, 0, 80.00, 4434.67, 1428.21
600.00,EAudioMood::Action, 0, 0, 80.00, 3714.40, 1731.26
1268.70,EAudioMood::Tense, 1, 1, 80.00, 2080.09, 2670.56
495.60,EAudioMood::Tense, 0, 1, 80.00, 156.79, 3122.11
1222.48,EAudioMood::Tense, 1, 1, 80.00, 458.02, 1012.43
1200.00,EAudioMood::Tense, 0, 1, 80.00, 2297.17, 481.95
600.00,EAudioMood::Calm, 0, 0, 80.00, 2293.82, 2075.83
600.00,EAudioMood::Calm, 0, 0, 80.00, 1644.84, 1210.92
685.33,EAudioMood::Tense, 0, 1, 60.00, 1147.73, 279.26
1220.72,EAudioMood::Tense, 1, 1, 60.00, 157.48, 1784.31
1227.67,EAudioMood::Tense, 1, 1, 60.00, 931.40, 3188.82
1191.07,EAudioMood::Tense, 1, 1, 60.00, 2902.99, 1865.47
1246.78,EAudioMood::Tense, 1, 1, 60.00, 2126.81, 406.02
854.75,EAudioMood::Tense, 0, 1, 60.00, 155.11, 580.00
724.87,EAudioMood::Tense, 0, 1, 60.00, 341.22, 2815.50
1200.06,EAudioMood::Calm, 1, 0, 60.00, 1971.14, 1284.60
600.00,EAudioMood::Calm, 0, 0, 60.00, 2101.24, 1427.02
1200.00,EAudioMood::Tense, 0, 1, 60.00, 926.74, 769.12
817.98,EAudioMood::Calm, 1, 0, 60.00, 746.21, 2213.78
600.00,EAudioMood::Calm, 0, 0, 60.00, 1926.67, 2293.59
1196.77,EAudioMood::Action, 0, 1, 60.00, 3786.52, 2980.93
1269.08,EAudioMood::Action, 1, 1, 60.00, 4465.13, 788.42
957.32,EAudioMood::Action, 0, 1, 60.00, 4073.04, 2221.95
1200.00,EAudioMood::Action, 0, 1, 60.00, 4981.89, 785.13
1200.00,EAudioMood::Tense, 0, 1, 60.00, 5278.46, 3058.42
1215.34,EAudioMood::Tense, 1, 1, 60.00, 5152.59, 1326.80
1200.00,EAudioMood::Tense, 0, 1, 60.00, 5513.98, 2213.98
1189.62,EAudioMood::Tense, 1, 1, 60.00, 5056.43, 1249.99
1200.00,EAudioMood::Action, 0, 1, 60.00, 4202.01, 2691.72
1209.40,EAudioMood::Action, 1, 1, 60.00, 3457.63, 1738.71
600.00,EAudioMood::Calm, 0, 0, 60.00, 2606.38, 3045.72
1200.00,EAudioMood::Tense, 0, 1, 60.00, 725.97, 2708.39
883.90,EAudioMood::Tense, 0, 1, 60.00, 399.97, 397.82
600.00,EAudioMood::Calm, 0, 0, 60.00, 802.07, 602.80
1200.00,EAudioMood::Tense, 0, 1, 60.00, 1203.55, 957.98
600.00,EAudioMood::Action, 0, 0, 40.00, 2084.65, 1990.64
638.04,EAudioMood::Action, 1, 0, 40.00, 1136.97, 1261.08
523.32,EAudioMood::Action, 1, 0, 40.00, 405.71, 884.19
1200.00,EAudioMood::Action, 0, 1, 40.00, 849.21, 2734.64
1204.28,EAudioMood::Action, 1, 1, 40.00, 2589.68, 1104.08
1200.00,EAudioMood::Action, 0, 1, 40.00, 4260.80, 1259.99
1156.91,EAudioMood::Action, 0, 1, 40.00, 3940.51, 2971.90
600.00,EAudioMood::Action, 0, 0, 40.00, 4380.35, 769.32
1200.00,EAudioMood::Action, 0, 1, 40.00, 4749.71, 2525.53
1384.57,EAudioMood::Action, 1, 0, 40.00, 6075.77, 1587.90
600.00,EAudioMood::Calm, 0, 0, 100.00, 982.07, 1000.86
600.00,EAudioMood::Calm, 0, 0, 100.00, 295.31, 1917.38
1200.00,EAudioMood::Tense, 0, 1, 100.00, 1569.08, 3043.08
1200.00,EAudioMood::Tense, 0, 1, 100.00, 3107.92, 1675.70
1200.82,EAudioMood::Tense, 1, 1, 100.00, 1664.42, 158.87
801.74,EAudioMood::Tense, 1, 1, 100.00, 175.75, 952.71
1224.06,EAudioMood::Tense, 1, 1, 100.00, 769.04, 2947.94
776.89,EAudioMood::Tense, 1, 1, 100.00, 1998.58, 2917.95
1251.65,EAudioMood::Tense, 1, 1, 100.00, 2215.87, 899.61
998.50,EAudioMood::Tense, 1, 1, 100.00, 1236.06, 582.14
1232.04,EAudioMood::Calm, 1, 0, 100.00, 155.47, 2368.72
1200.33,EAudioMood::Tense, 1, 1, 100.00, 1525.77, 3045.62
600.00,EAudioMood::Calm, 0, 0, 100.00, 2873.21, 1839.92
1263.50,EAudioMood::Tense, 1, 1, 100.00, 2274.00, 422.97
1200.00,EAudioMood::Tense, 0, 1, 100.00, 219.52, 961.62
1206.63,EAudioMood::Tense, 1, 1, 100.00, 549.66, 3330.30
1200.00,EAudioMood::Tense, 0, 1, 100.00, 2096.79, 2538.36
1208.41,EAudioMood::Tense, 1, 1, 100.00, 2460.66, 951.62
600.00,EAudioMood::Calm, 0, 0, 100.00, 674.26, 285.03
1200.00,EAudioMood::Tense, 0, 1, 100.00, 331.92, 1622.68
731.40,EAudioMood::Tense, 1, 1, 100.00, 1339.16, 2956.00
1200.00,EAudioMood::Tense, 0, 1, 100.00, 448.93, 1464.88
600.00,EAudioMood::Calm, 0, 0, 100.00, 1152.29, 648.35
1268.70,EAudioMood::Tense, 1, 1, 80.00, 665.77, 1617.25
1016.33,EAudioMood::Tense, 1, 1, 80.00, 409.15, 3299.88
1240.36,EAudioMood::Tense, 1, 1, 80.00, 2439.58, 2854.32
1200.00,EAudioMood::Tense, 0, 1, 80.00, 2758.85, 670.60
1232.77,EAudioMood::Tense, 1, 1, 80.00, 662.06, 548.30
600.00,EAudioMood::Calm, 0, 0, 80.00, 320.54, 2211.45
1216.66,EAudioMood::Tense, 1, 1, 80.00, 1441.52, 2481.73
1251.65,EAudioMood::Calm, 1, 0, 80.00, 2512.77, 398.03
838.94,EAudioMood::Tense, 0, 1, 80.00, 3047.66, 1161.38
1236.61,EAudioMood::Tense, 1, 1, 80.00, 1992.71, 2809.29
1209.55,EAudioMood::Tense, 1, 1, 80.00, 319.21, 1866.12
600.00,EAudioMood::Calm, 0, 0, 80.00, 741.22, 328.35
1180.16,EAudioMood::Tense, 0, 1, 80.00, 2025.78, 337.90
1249.35,EAudioMood::Tense, 1, 1, 80.00, 3004.76, 2114.97
878.07,EAudioMood::Tense, 1, 1, 80.00, 2010.17, 3115.02
825.55,EAudioMood::Tense, 1, 1, 80.00, 156.00, 2285.55
1215.34,EAudioMood::Calm, 1, 0, 80.00, 945.87, 160.91
1200.00,EAudioMood::Tense, 0, 1, 80.00, 2293.13, 269.80
1253.65,EAudioMood::Tense, 1, 1, 80.00, 3087.10, 2128.85
1018.97,EAudioMood::Tense, 0, 1, 80.00, 2142.74, 2533.88
1258.83,EAudioMood::Tense, 1, 1, 80.00, 643.54, 708.07
1200.00,EAudioMood::Tense, 0, 1, 80.00, 2698.63, 402.14
600.00,EAudioMood::Calm, 0, 0, 80.00, 3098.95, 2306.21
1200.00,EAudioMood::Tense, 0, 1, 80.00, 1888.36, 2916.72
1200.00,EAudioMood::Tense, 0, 1, 80.00, 1153.78, 1815.25
835.38,EAudioMood::Tense, 0, 1, 60.00, 886.18, 172.89
1222.48,EAudioMood::Calm, 1, 0, 60.00, 578.36, 2342.27
618.87,EAudioMood::Calm, 1, 0, 60.00, 1393.82, 2792.49
1201.20,EAudioMood::Tense, 1, 1, 60.00, 305.90, 1587.88
1185.63,EAudioMood::Tense, 1, 1, 60.00, 1375.99, 306.00
1266.08,EAudioMood::Tense, 1, 1, 60.00, 2278.60, 2164.76
1200.00,EAudioMood::Tense, 0, 1, 60.00, 2853.71, 2670.12
1200.00,EAudioMood::Action, 0, 1, 60.00, 4041.54, 730.80
1200.86,EAudioMood::Tense, 1, 1, 60.00, 5511.43, 1299.64
1084.39,EAudioMood::Tense, 0, 1, 60.00, 5454.36, 2669.11
1200.00,EAudioMood::Action, 0, 1, 60.00, 4667.24, 1482.61
1200.00,EAudioMood::Tense, 0, 1, 60.00, 3173.25, 2323.74
1216.66,EAudioMood::Tense, 1, 1, 60.00, 1005.21, 2750.70
1200.54,EAudioMood::Tense, 1, 1, 60.00, 474.02, 1096.82
1205.77,EAudioMood::Tense, 1, 1, 60.00, 2217.43, 299.40
600.00,EAudioMood::Calm, 0, 0, 60.00, 2811.33, 1375.30
610.15,EAudioMood::Calm, 1, 0, 60.00, 2245.24, 2152.62
608.52,EAudioMood::Calm, 1, 0, 60.00, 1063.18, 1961.62
0.00,EAudioMood::Calm, 0, 0, 60.00, 728.72, 1892.82
175.00,EAudioMood::Calm, 1, 0, 60.00, 728.72, 1892.82
86.34,EAudioMood::Calm, 1, 0, 60.00, 728.72, 1892.82
207.64,EAudioMood::Calm, 1, 0, 60.00, 728.72, 1892.82
117.83,EAudioMood::Calm, 1, 0, 60.00, 728.72, 1892.82
1200.00,EAudioMood::Tense, 0, 1, 60.00, 1304.84, 2745.20
1240.36,EAudioMood::Action, 1, 1, 60.00, 3580.58, 2076.85
0.00,EAudioMood::Action, 0, 0, 60.00, 4293.74, 1700.23
21.00,EAudioMood::Action, 1, 0, 60.00, 4293.74, 1700.23
143.52,EAudioMood::Action, 1, 0, 60.00, 4293.74, 1700.23
404.85,EAudioMood::Action, 1, 0, 60.00, 4293.74, 1700.23
315.01,EAudioMood::Action, 1, 0, 60.00, 4293.74, 1700.23
600.00,EAudioMood::Action, 0, 0, 60.00, 4255.82, 1987.34
1200.00,EAudioMood::Action, 0, 1, 60.00, 4220.94, 1267.09
649.42,EAudioMood::Calm, 1, 0, 60.00, 2618.67, 2226.55
1208.41,EAudioMood::Tense, 1, 1, 60.00, 982.38, 2866.94
600.02,EAudioMood::Calm, 1, 0, 60.00, 727.85, 2101.39
616.92,EAudioMood::Calm, 1, 0, 60.00, 1494.62, 1178.58
1200.00,EAudioMood::Action, 0, 1, 40.00, 2412.80, 672.29
1210.60,EAudioMood::Action, 1, 0, 40.00, 1305.85, 2543.01
787.63,EAudioMood::Action, 0, 1, 40.00, 725.05, 1858.50
229.68,EAudioMood::Action, 0, 1, 40.00, 156.30, 186.00
1066.98,EAudioMood::Action, 1, 1, 40.00, 348.07, 1509.41
985.54,EAudioMood::Action, 1, 0, 40.00, 1278.32, 2735.33
1200.00,EAudioMood::Action, 0, 1, 40.00, 2238.84, 1143.69
1200.00,EAudioMood::Action, 0, 1, 40.00, 502.31, 770.29
1205.77,EAudioMood::Action, 1, 1, 40.00, 594.17, 3106.75
600.00,EAudioMood::Action, 0, 0, 40.00, 1491.80, 2785.51
1232.77,EAudioMood::Action, 1, 0, 40.00, 2508.36, 805.60
1200.00,EAudioMood::Action, 0, 1, 40.00, 2865.45, 1630.47
1200.00,EAudioMood::Action, 0, 1, 40.00, 4449.27, 422.69
1200.00,EAudioMood::Action, 0, 1, 40.00, 3925.39, 2650.24
1200.00,EAudioMood::Action, 0, 1, 40.00, 3739.20, 1265.17
1242.45,EAudioMood::Action, 1, 1, 40.00, 5370.58, 591.92
932.90,EAudioMood::Action, 0, 1, 40.00, 5250.67, 2614.87
1240.66,EAudioMood::Action, 1, 1, 40.00, 3603.03, 1016.36
1200.01,EAudioMood::Action, 1, 1, 40.00, 2476.51, 2800.72
600.11,EAudioMood::Action, 1, 0, 40.00, 1650.85, 2998.94
601.72,EAudioMood::Action, 1, 0, 40.00, 1609.71, 1812.42
1200.00,EAudioMood::Action, 0, 1, 20.00, 1710.51, 461.28
653.06,EAudioMood::Action, 1, 0, 20.00, 302.84, 1041.34
600.33,EAudioMood::Action, 1, 0, 20.00, 198.19, 2210.40
291.88,EAudioMood::Action, 1, 0, 20.00, 310.98, 3344.27
681.50,EAudioMood::Action, 1, 0, 20.00, 918.54, 2792.31
600.00,EAudioMood::Action, 0, 0, 20.00, 1642.75, 1837.15
684.84,EAudioMood::Action, 1, 0, 20.00, 2305.63, 836.84
1203.62,EAudioMood::Action, 1, 1, 20.00, 2741.76, 1519.67
1217.84,EAudioMood::Action, 1, 1, 20.00, 930.30, 2834.04
659.67,EAudioMood::Action, 1, 0, 20.00, 784.65, 2733.76
1215.34,EAudioMood::Action, 1, 1, 20.00, 2889.92, 2658.72
1236.61,EAudioMood::Action, 1, 0, 20.00, 3579.33, 1269.41
618.59,EAudioMood::Action, 1, 0, 20.00, 4093.68, 940.19
608.52,EAudioMood::Action, 1, 0, 20.00, 3992.77, 2123.68
666.12,EAudioMood::Action, 1, 0, 20.00, 4655.43, 2845.02
1202.54,EAudioMood::Action, 1, 1, 20.00, 5322.36, 2066.66
1200.00,EAudioMood::Action, 0, 1, 20.00, 5300.64, 956.71
1200.00,EAudioMood::Action, 0, 1, 20.00, 4748.16, 2474.18
1200.00,EAudioMood::Action, 0, 1, 20.00, 3990.62, 1317.49
1212.69,EAudioMood::Action, 1, 1, 20.00, 1895.95, 2487.91
600.00,EAudioMood::Action, 0, 0, 20.00, 362.65, 3120.39
1249.35,EAudioMood::Action, 1, 1, 20.00, 1672.04, 1507.47
530.79,EAudioMood::Calm, 0, 0, 100.00, 969.64, 893.51
1200.00,EAudioMood::Tense, 0, 1, 100.00, 237.30, 2197.43
1018.59,EAudioMood::Tense, 1, 1, 100.00, 1550.19, 3226.89
699.59,EAudioMood::Tense, 0, 1, 100.00, 3229.34, 2680.51
1200.00,EAudioMood::Tense, 0, 1, 100.00, 2676.92, 506.54
593.83,EAudioMood::Calm, 0, 0, 100.00, 388.53, 573.42
600.00,EAudioMood::Calm, 0, 0, 100.00, 355.52, 1768.59
614.82,EAudioMood::Calm, 1, 0, 100.00, 444.54, 2881.68
611.69,EAudioMood::Calm, 1, 0, 100.00, 1483.65, 3311.17
635.31,EAudioMood::Calm, 1, 0, 100.00, 2463.50, 2683.87
733.07,EAudioMood::Calm, 1, 0, 100.00, 3029.29, 1635.82
1249.02,EAudioMood::Tense, 1, 1, 100.00, 2243.37, 394.45
840.17,EAudioMood::Tense, 1, 1, 100.00, 206.96, 479.75
1240.66,EAudioMood::Tense, 1, 1, 100.00, 297.06, 2561.03
1219.26,EAudioMood::Tense, 1, 1, 100.00, 2224.18, 2976.25
1200.00,EAudioMood::Tense, 0, 1, 100.00, 2428.58, 2908.70
600.00,EAudioMood::Calm, 0, 0, 100.00, 742.83, 2811.99
600.00,EAudioMood::Calm, 0, 0, 100.00, 647.41, 1673.53
600.00,EAudioMood::Calm, 0, 0, 80.00, 1430.24, 815.20
1211.70,EAudioMood::Tense, 1, 1, 80.00, 2575.25, 1893.02
1200.00,EAudioMood::Tense, 0, 1, 80.00, 997.76, 3153.68
1200.00,EAudioMood::Tense, 0, 1, 80.00, 531.38, 958.79
1118.97,EAudioMood::Calm, 1, 0, 80.00, 2082.19, 496.10
1200.00,EAudioMood::Tense, 0, 1, 80.00, 2894.15, 1872.23
600.00,EAudioMood::Calm, 0, 0, 80.00, 2032.58, 3148.12
1238.61,EAudioMood::Calm, 1, 0, 80.00, 2874.01, 1574.06
1096.82,EAudioMood::Tense, 1, 1, 80.00, 1872.01, 155.55
1067.22,EAudioMood::Tense, 1, 1, 80.00, 175.86, 630.78
1205.00,EAudioMood::Tense, 1, 1, 80.00, 490.50, 2923.29
1219.46,EAudioMood::Calm, 1, 0, 80.00, 2279.76, 3062.98
602.29,EAudioMood::Calm, 1, 0, 80.00, 3019.12, 2041.88
600.37,EAudioMood::Calm, 1, 0, 80.00, 3008.59, 881.13
600.71,EAudioMood::Calm, 1, 0, 80.00, 2132.75, 187.85
1204.28,EAudioMood::Tense, 1, 1, 80.00, 718.64, 1150.57
753.76,EAudioMood::Tense, 1, 1, 80.00, 632.17, 3344.13
600.00,EAudioMood::Calm, 0, 0, 80.00, 2464.01, 2961.78
1244.59,EAudioMood::Tense, 1, 1, 80.00, 3059.87, 1510.93
1151.96,EAudioMood::Tense, 1, 1, 80.00, 1612.33, 156.57
1223.83,EAudioMood::Tense, 1, 1, 80.00, 322.52, 1494.25
600.00,EAudioMood::Calm, 0, 0, 80.00, 318.67, 3185.14
1200.58,EAudioMood::Tense, 1, 1, 80.00, 405.41, 1309.58
605.07,EAudioMood::Calm, 1, 0, 80.00, 1371.17, 167.31
601.16,EAudioMood::Calm, 1, 0, 80.00, 2170.33, 902.77
601.09,EAudioMood::Calm, 1, 0, 80.00, 1677.52, 1784.16
481.43,EAudioMood::Calm, 1, 0, 80.00, 915.00, 2060.73
297.50,EAudioMood::Calm, 1, 0, 80.00, 1206.76, 2138.07
403.67,EAudioMood::Calm, 1, 0, 80.00, 1206.76, 2138.07
338.33,EAudioMood::Calm, 1, 0, 80.00, 1206.76, 2138.07
1147.76,EAudioMood::Tense, 0, 1, 80.00, 1999.66, 2684.38
1176.54,EAudioMood::Tense, 1, 1, 80.00, 1659.02, 2121.95
600.00,EAudioMood::Calm, 0, 0, 80.00, 450.10, 2872.49
1200.00,EAudioMood::Tense, 0, 1, 80.00, 1357.73, 1326.06
600.00,EAudioMood::Calm, 0, 0, 60.00, 1094.49, 649.95
1200.01,EAudioMood::Tense, 1, 1, 60.00, 219.19, 2233.20
677.12,EAudioMood::Calm, 1, 0, 60.00, 1483.45, 3325.57
659.67,EAudioMood::Calm, 1, 0, 60.00, 2407.28, 2686.27
693.46,EAudioMood::Calm, 1, 0, 60.00, 3028.12, 1668.65
1202.47,EAudioMood::Tense, 1, 1, 60.00, 1897.40, 382.85
821.72,EAudioMood::Tense, 1, 1, 60.00, 212.69, 564.48
1234.39,EAudioMood::Tense, 1, 1, 60.00, 587.78, 2616.61
1173.21,EAudioMood::Calm, 1, 0, 60.00, 1863.10, 3298.97
724.63,EAudioMood::Tense, 1, 1, 60.00, 2777.66, 2544.77
1207.48,EAudioMood::Tense, 1, 1, 60.00, 2781.30, 527.31
659.19,EAudioMood::Calm, 1, 0, 60.00, 716.42, 300.52
1200.00,EAudioMood::Tense, 0, 1, 60.00, 374.77, 1539.24
1149.07,EAudioMood::Tense, 1, 1, 60.00, 1407.86, 3217.40
1256.04,EAudioMood::Tense, 1, 1, 60.00, 3134.35, 1859.62
1082.16,EAudioMood::Tense, 0, 1, 60.00, 2388.12, 155.13
1200.00,EAudioMood::Tense, 0, 1, 60.00, 238.80, 842.24
710.38,EAudioMood::Tense, 1, 1, 60.00, 206.95, 2570.84
1007.55,EAudioMood::Tense, 1, 1, 60.00, 2076.19, 2935.61
1219.26,EAudioMood::Tense, 1, 1, 60.00, 2744.16, 990.77
1223.83,EAudioMood::Action, 1, 1, 40.00, 1352.82, 1120.78
365.14,EAudioMood::Action, 0, 1, 40.00, 172.82, 3087.00
0.00,EAudioMood::Calm, 0, 0, 100.00, 900.00, 850.00
600.00,EAudioMood::Calm, 0, 0, 100.00, 630.49, 1681.59
659.67,EAudioMood::Calm, 1, 0, 100.00, 321.66, 2828.82
649.87,EAudioMood::Calm, 1, 0, 100.00, 1385.00, 3029.64
600.00,EAudioMood::Calm, 0, 0, 100.00, 2542.12, 2801.31
677.12,EAudioMood::Calm, 1, 0, 100.00, 2966.95, 1698.00
614.82,EAudioMood::Calm, 1, 0, 100.00, 2923.47, 502.67
622.76,EAudioMood::Calm, 1, 0, 100.00, 2014.99, 204.82
600.01,EAudioMood::Calm, 1, 0, 100.00, 836.51, 423.70
1244.59,EAudioMood::Tense, 1, 1, 100.00, 491.36, 2143.34
852.03,EAudioMood::Tense, 1, 1, 100.00, 998.77, 3313.97
1221.08,EAudioMood::Tense, 1, 1, 100.00, 2694.88, 2690.45
1200.00,EAudioMood::Tense, 0, 1, 100.00, 2941.45, 606.71
1261.67,EAudioMood::Calm, 1, 0, 100.00, 591.02, 155.22
1200.00,EAudioMood::Tense, 0, 1, 100.00, 391.68, 1578.62
845.46,EAudioMood::Tense, 1, 1, 100.00, 906.20, 3215.46
622.76,EAudioMood::Calm, 1, 0, 100.00, 2157.86, 2841.64
1217.84,EAudioMood::Tense, 1, 1, 100.00, 2816.33, 1204.00
1200.00,EAudioMood::Tense, 0, 1, 100.00, 1448.10, 292.75
616.65,EAudioMood::Calm, 1, 0, 100.00, 303.60, 1700.15
1200.00,EAudioMood::Tense, 0, 1, 100.00, 781.42, 2851.79
616.65,EAudioMood::Calm, 1, 0, 100.00, 2579.09, 2070.61
1222.25,EAudioMood::Tense, 1, 1, 100.00, 2517.17, 387.67
1200.00,EAudioMood::Tense, 0, 1, 100.00, 621.98, 1073.65
610.22,EAudioMood::Tense, 0, 1, 100.00, 1097.89, 3344.81
1217.84,EAudioMood::Calm, 1, 0, 100.00, 2298.32, 2486.08
600.00,EAudioMood::Calm, 0, 0, 100.00, 1701.25, 1228.46
1200.16,EAudioMood::Tense, 1, 1, 80.00, 792.83, 395.46
1201.15,EAudioMood::Tense, 1, 1, 80.00, 173.60, 2396.04
1206.60,EAudioMood::Tense, 1, 1, 80.00, 1781.03, 3330.16
1201.53,EAudioMood::Tense, 1, 1, 80.00, 2870.88, 1783.41
1253.65,EAudioMood::Tense, 1, 1, 80.00, 1864.18, 173.57
1129.06,EAudioMood::Tense, 0, 1, 80.00, 155.71, 1162.69
462.99,EAudioMood::Tense, 1, 1, 80.00, 337.65, 3343.68
1200.00,EAudioMood::Tense, 0, 1, 80.00, 2443.07, 2899.96
1205.00,EAudioMood::Tense, 1, 1, 80.00, 2810.26, 902.20
600.00,EAudioMood::Calm, 0, 0, 80.00, 983.48, 203.46
630.13,EAudioMood::Calm, 1, 0, 80.00, 242.00, 895.81
653.06,EAudioMood::Calm, 1, 0, 80.00, 359.59, 2087.33
710.39,EAudioMood::Calm, 1, 0, 80.00, 892.92, 2981.67
668.22,EAudioMood::Tense, 1, 1, 80.00, 2088.11, 3049.63
1202.04,EAudioMood::Tense, 1, 1, 80.00, 2713.61, 1220.37
1200.07,EAudioMood::Tense, 1, 1, 80.00, 1085.07, 175.58
876.86,EAudioMood::Tense, 1, 1, 80.00, 155.11, 837.71
1209.40,EAudioMood::Tense, 1, 1, 80.00, 395.17, 3026.44
1253.99,EAudioMood::Calm, 1, 0, 80.00, 2256.73, 3044.35
1212.69,EAudioMood::Tense, 1, 1, 80.00, 3190.47, 1824.53
1258.83,EAudioMood::Calm, 1, 0, 60.00, 1652.84, 729.16
1204.28,EAudioMood::Tense, 1, 1, 60.00, 300.07, 954.42
1200.00,EAudioMood::Tense, 0, 1, 60.00, 485.64, 3184.08
1242.76,EAudioMood::Tense, 1, 1, 60.00, 2808.37, 2807.33
1200.00,EAudioMood::Tense, 0, 1, 60.00, 3032.41, 1105.61
1208.41,EAudioMood::Tense, 1, 1, 60.00, 1177.27, 327.61
1200.00,EAudioMood::Tense, 0, 1, 60.00, 297.10, 1794.51
1271.77,EAudioMood::Tense, 1, 1, 60.00, 1477.21, 3304.05
942.71,EAudioMood::Calm, 1, 0, 60.00, 2919.97, 2116.08
649.42,EAudioMood::Calm, 1, 0, 60.00, 2726.61, 925.63
1200.00,EAudioMood::Action, 0, 1, 60.00, 3595.68, 730.82
1200.00,EAudioMood::Action, 0, 1, 60.00, 4964.67, 2659.76
1200.00,EAudioMood::Tense, 0, 1, 60.00, 5037.21, 1615.09
1215.16,EAudioMood::Calm, 1, 0, 60.00, 5433.80, 1011.99
627.33,EAudioMood::Calm, 1, 0, 60.00, 5265.57, 2553.08
343.65,EAudioMood::Calm, 1, 0, 60.00, 5352.29, 2862.57
600.00,EAudioMood::Calm, 0, 0, 60.00, 5261.31, 1817.79
706.07,EAudioMood::Calm, 1, 0, 60.00, 5211.27, 618.94
666.63,EAudioMood::Calm, 1, 0, 60.00, 5668.29, 1510.59
1052.48,EAudioMood::Tense, 0, 1, 60.00, 5267.67, 2887.43
846.67,EAudioMood::Action, 0, 1, 60.00, 5021.63, 1021.96
600.00,EAudioMood::Calm, 0, 0, 60.00, 5634.24, 2747.03
1200.00,EAudioMood::Tense, 0, 1, 60.00, 5643.91, 1380.06
1205.11,EAudioMood::Tense, 1, 1, 60.00, 5070.35, 2338.32
1200.00,EAudioMood::Action, 0, 1, 60.00, 3812.48, 2522.67
600.00,EAudioMood::Calm, 0, 0, 60.00, 1468.12, 2820.10
1200.00,EAudioMood::Tense, 0, 1, 60.00, 309.18, 1810.16
899.44,EAudioMood::Tense, 0, 1, 60.00, 1316.66, 172.72
1263.50,EAudioMood::Action, 1, 1, 40.00, 613.15, 2168.36
1200.35,EAudioMood::Action, 1, 1, 40.00, 1273.42, 2506.80
1204.38,EAudioMood::Action, 1, 1, 40.00, 3243.09, 1142.23
0.00,EAudioMood::Calm, 0, 0, 100.00, 900.00, 850.00
600.00,EAudioMood::Calm, 0, 0, 100.00, 572.71, 1158.97
689.39,EAudioMood::Calm, 1, 0, 100.00, 209.37, 2283.70
346.89,EAudioMood::Calm, 0, 0, 100.00, 735.09, 3113.67
687.62,EAudioMood::Tense, 0, 1, 100.00, 850.08, 2403.15
1200.00,EAudioMood::Tense, 0, 1, 100.00, 2290.27, 1186.64
1200.00,EAudioMood::Action, 0, 1, 100.00, 4345.51, 650.43
1215.34,EAudioMood::Tense, 1, 1, 100.00, 5299.72, 1596.10
600.11,EAudioMood::Calm, 1, 0, 100.00, 5366.96, 2688.67
604.07,EAudioMood::Calm, 1, 0, 100.00, 5497.16, 1525.25
700.54,EAudioMood::Tense, 0, 1, 100.00, 5340.67, 367.81
1200.00,EAudioMood::Tense, 0, 1, 100.00, 5592.21, 2467.09
1216.66,EAudioMood::Tense, 1, 1, 100.00, 5387.80, 1641.01
1242.76,EAudioMood::Calm, 1, 0, 100.00, 5713.56, 2291.92
1236.33,EAudioMood::Tense, 1, 1, 100.00, 5228.29, 1219.47
1200.00,EAudioMood::Action, 0, 1, 100.00, 4189.93, 2414.06
1200.01,EAudioMood::Tense, 1, 1, 100.00, 1999.40, 2920.65
600.00,EAudioMood::Calm, 0, 0, 100.00, 594.94, 3034.83
1046.51,EAudioMood::Tense, 1, 1, 100.00, 2579.11, 3013.94
1200.00,EAudioMood::Tense, 0, 1, 100.00, 3080.36, 1237.63
1200.01,EAudioMood::Tense, 1, 1, 100.00, 1609.54, 268.60
600.00,EAudioMood::Calm, 0, 0, 100.00, 200.39, 1192.03
600.00,EAudioMood::Calm, 0, 0, 100.00, 380.28, 2378.49
1200.00,EAudioMood::Tense, 0, 1, 100.00, 1604.08, 3190.10
1240.36,EAudioMood::Tense, 1, 1, 100.00, 3146.28, 1880.41
1068.46,EAudioMood::Tense, 1, 1, 100.00, 2427.00, 155.13
600.00,EAudioMood::Calm, 0, 0, 100.00, 379.47, 440.92
1240.36,EAudioMood::Tense, 1, 1, 80.00, 1648.94, 1116.92
802.79,EAudioMood::Tense, 0, 1, 80.00, 2303.00, 2518.58
1200.00,EAudioMood::Tense, 0, 1, 80.00, 959.92, 2985.54
1200.00,EAudioMood::Tense, 0, 1, 80.00, 1079.00, 2693.39
587.11,EAudioMood::Calm, 0, 0, 80.00, 3037.39, 3020.62
1200.00,EAudioMood::Tense, 0, 1, 80.00, 3193.56, 1289.85
1200.33,EAudioMood::Tense, 1, 1, 80.00, 1648.02, 224.63
1217.84,EAudioMood::Tense, 1, 1, 80.00, 167.51, 1691.43
600.00,EAudioMood::Calm, 0, 0, 80.00, 866.12, 3315.78
1200.00,EAudioMood::Tense, 0, 1, 80.00, 2743.88, 2885.41
1134.68,EAudioMood::Tense, 0, 1, 80.00, 2832.36, 527.23
1256.39,EAudioMood::Tense, 1, 1, 80.00, 611.52, 473.67
1260.96,EAudioMood::Tense, 1, 1, 80.00, 551.16, 2664.15
697.58,EAudioMood::Calm, 1, 0, 80.00, 1030.62, 2850.26
656.32,EAudioMood::Calm, 1, 0, 80.00, 245.19, 1957.16
1200.00,EAudioMood::Tense, 0, 1, 80.00, 1117.41, 275.08
1212.86,EAudioMood::Tense, 1, 1, 80.00, 3302.73, 660.70
1200.00,EAudioMood::Tense, 0, 1, 80.00, 5504.47, 434.92
600.00,EAudioMood::Calm, 0, 0, 80.00, 5272.62, 2192.75
159.05,EAudioMood::Calm, 0, 0, 80.00, 5391.55, 3359.81
600.00,EAudioMood::Calm, 0, 0, 80.00, 5400.52, 2507.67
728.41,EAudioMood::Calm, 1, 0, 80.00, 5418.03, 1309.73
611.46,EAudioMood::Calm, 1, 0, 80.00, 5584.47, 754.61
611.46,EAudioMood::Calm, 1, 0, 80.00, 5559.05, 1952.60
1200.00,EAudioMood::Tense, 0, 1, 80.00, 5316.10, 1299.01
1217.84,EAudioMood::Action, 1, 1, 80.00, 3502.03, 1655.61
1244.91,EAudioMood::Calm, 1, 0, 80.00, 1616.00, 3139.86
600.00,EAudioMood::Calm, 0, 0, 80.00, 700.48, 2858.98
914.50,EAudioMood::Tense, 0, 1, 80.00, 734.45, 1646.98
1236.61,EAudioMood::Calm, 1, 0, 60.00, 2496.72, 1661.50
638.04,EAudioMood::Calm, 1, 0, 60.00, 2201.66, 2597.95
640.86,EAudioMood::Calm, 1, 0, 60.00, 1284.90, 2038.34
1200.00,EAudioMood::Tense, 0, 1, 60.00, 1037.07, 463.39
1201.53,EAudioMood::Tense, 1, 1, 60.00, 231.58, 1939.26
677.12,EAudioMood::Calm, 1, 0, 60.00, 1034.46, 3075.38
677.12,EAudioMood::Calm, 1, 0, 60.00, 614.73, 1951.52
600.00,EAudioMood::Calm, 0, 0, 60.00, 478.66, 958.43
1205.89,EAudioMood::Tense, 1, 1, 60.00, 823.23, 2791.29
984.88,EAudioMood::Tense, 1, 1, 60.00, 2574.54, 2686.85
1232.77,EAudioMood::Tense, 1, 1, 60.00, 2799.85, 691.30
1215.34,EAudioMood::Tense, 1, 1, 60.00, 2247.45, 1961.50
1200.00,EAudioMood::Tense, 0, 1, 60.00, 646.53, 1208.63
1200.00,EAudioMood::Tense, 0, 1, 60.00, 2579.45, 377.97
1200.00,EAudioMood::Action, 0, 1, 60.00, 4574.03, 892.61
1203.10,EAudioMood::Tense, 1, 1, 60.00, 5401.31, 1452.67
608.52,EAudioMood::Calm, 1, 0, 60.00, 5440.79, 2656.01
600.00,EAudioMood::Calm, 0, 0, 60.00, 5351.88, 1482.16
666.12,EAudioMood::Calm, 1, 0, 60.00, 5467.44, 989.03
673.37,EAudioMood::Calm, 1, 0, 60.00, 5521.73, 2170.56
1200.00,EAudioMood::Tense, 0, 1, 60.00, 5616.40, 1684.24
1200.00,EAudioMood::Action, 0, 1, 60.00, 4067.47, 883.56
616.92,EAudioMood::Calm, 1, 0, 60.00, 2995.64, 2477.57
1200.00,EAudioMood::Tense, 0, 1, 60.00, 1493.36, 2819.53
1269.08,EAudioMood::Calm, 1, 0, 60.00, 1354.04, 759.35
1200.00,EAudioMood::Action, 0, 1, 40.00, 1375.43, 1543.85
699.54,EAudioMood::Action, 1, 1, 40.00, 599.64, 2623.71
