PlayerVelocity,CurrentMood, Jumping, Sprinting, Health,Velocity,IsJumping,IsSprinting,Health,Mood
600.0,EAudioMood::Calm,0.0,0.0,100.0,,,,,
600.0,EAudioMood::Calm,0.0,0.0,80.0,,,,,
600.0,EAudioMood::Calm,0.0,0.0,80.0,,,,,
600.0,EAudioMood::Calm,0.0,0.0,100.0,,,,,
466.43,EAudioMood::Calm,0.0,0.0,100.0,,,,,
600.0,EAudioMood::Calm,0.0,0.0,80.0,,,,,
600.0,EAudioMood::Calm,0.0,0.0,80.0,,,,,
237.49,EAudioMood::Calm,0.0,0.0,100.0,,,,,
1200.0,EAudioMood::Tense,0.0,1.0,100.0,,,,,
1200.0,EAudioMood::Tense,0.0,1.0,100.0,,,,,
600.0,EAudioMood::Calm,0.0,0.0,100.0,,,,,
600.0,EAudioMood::Action,0.0,0.0,100.0,,,,,
600.0,EAudioMood::Action,0.0,0.0,100.0,,,,,
1200.0,EAudioMood::Tense,0.0,1.0,100.0,,,,,
1200.0,EAudioMood::Tense,0.0,1.0,80.0,,,,,
1200.0,EAudioMood::Tense,0.0,1.0,80.0,,,,,
600.0,EAudioMood::Action,0.0,0.0,80.0,,,,,
719.27,EAudioMood::Action,1.0,0.0,80.0,,,,,
723.15,EAudioMood::Action,1.0,0.0,80.0,,,,,
618.87,EAudioMood::Action,1.0,0.0,80.0,,,,,
669.71,EAudioMood::Calm,1.0,0.0,80.0,,,,,
600.0,EAudioMood::Calm,0.0,0.0,80.0,,,,,
1200.0,EAudioMood::Tense,0.0,1.0,80.0,,,,,
1200.0,EAudioMood::Tense,0.0,1.0,80.0,,,,,
600.0,EAudioMood::Calm,0.0,0.0,80.0,,,,,
1200.0,EAudioMood::Tense,0.0,1.0,60.0,,,,,
1244.59,EAudioMood::Tense,1.0,1.0,60.0,,,,,
1271.77,EAudioMood::Tense,1.0,1.0,60.0,,,,,
1200.0,EAudioMood::Tense,0.0,1.0,60.0,,,,,
0.0,EAudioMood::Calm,0.0,0.0,100.0,,,,,
600.0,EAudioMood::Calm,0.0,0.0,100.0,,,,,
600.0,EAudioMood::Calm,0.0,0.0,100.0,,,,,
600.0,EAudioMood::Calm,0.0,0.0,100.0,,,,,
600.0,EAudioMood::Calm,0.0,0.0,100.0,,,,,
600.0,EAudioMood::Action,0.0,0.0,100.0,,,,,
0.0,EAudioMood::Action,0.0,0.0,100.0,,,,,
52.5,EAudioMood::Action,1.0,0.0,100.0,,,,,
224.0,EAudioMood::Action,1.0,0.0,100.0,,,,,
413.01,EAudioMood::Action,1.0,0.0,100.0,,,,,
600.0,EAudioMood::Action,0.0,0.0,100.0,,,,,
600.0,EAudioMood::Action,0.0,0.0,100.0,,,,,
0.0,EAudioMood::Action,0.0,0.0,100.0,,,,,
600.0,EAudioMood::Action,0.0,0.0,100.0,,,,,
600.0,EAudioMood::Calm,0.0,0.0,100.0,,,,,
560.14,EAudioMood::Calm,0.0,0.0,100.0,,,,,
600.0,EAudioMood::Calm,0.0,0.0,100.0,,,,,
600.0,EAudioMood::Action,0.0,0.0,100.0,,,,,
600.0,EAudioMood::Action,0.0,0.0,100.0,,,,,
600.0,EAudioMood::Action,0.0,0.0,100.0,,,,,
1200.0,EAudioMood::Tense,0.0,1.0,100.0,,,,,
301.96,EAudioMood::Tense,0.0,1.0,100.0,,,,,
1200.0,EAudioMood::Tense,0.0,1.0,100.0,,,,,
1200.0,EAudioMood::Tense,0.0,1.0,100.0,,,,,
1119.91,EAudioMood::Tense,0.0,1.0,100.0,,,,,
1200.0,EAudioMood::Tense,0.0,1.0,80.0,,,,,
600.0,EAudioMood::Calm,0.0,0.0,80.0,,,,,
600.0,EAudioMood::Calm,0.0,0.0,80.0,,,,,
600.0,EAudioMood::Action,0.0,0.0,80.0,,,,,
600.0,EAudioMood::Action,0.0,0.0,80.0,,,,,
0.0,EAudioMood::Action,0.0,0.0,80.0,,,,,
0.0,EAudioMood::Action,0.0,0.0,80.0,,,,,
600.0,EAudioMood::Action,0.0,0.0,80.0,,,,,
600.0,EAudioMood::Action,0.0,0.0,80.0,,,,,
0.0,EAudioMood::Action,0.0,0.0,80.0,,,,,
0.0,EAudioMood::Action,0.0,0.0,80.0,,,,,
600.0,EAudioMood::Action,0.0,0.0,80.0,,,,,
600.0,EAudioMood::Action,0.0,0.0,80.0,,,,,
600.0,EAudioMood::Action,0.0,0.0,80.0,,,,,
600.0,EAudioMood::Calm,0.0,0.0,80.0,,,,,
1200.0,EAudioMood::Tense,0.0,1.0,80.0,,,,,
1200.0,EAudioMood::Tense,0.0,1.0,80.0,,,,,
1200.0,EAudioMood::Tense,0.0,1.0,60.0,,,,,
600.0,EAudioMood::Calm,0.0,0.0,60.0,,,,,
600.0,EAudioMood::Calm,0.0,0.0,60.0,,,,,
600.0,EAudioMood::Calm,0.0,0.0,60.0,,,,,
600.0,EAudioMood::Calm,0.0,0.0,60.0,,,,,
0.0,EAudioMood::Calm,0.0,0.0,60.0,,,,,
600.0,EAudioMood::Calm,0.0,0.0,60.0,,,,,
600.0,EAudioMood::Calm,0.0,0.0,60.0,,,,,
1200.0,EAudioMood::Tense,0.0,1.0,60.0,,,,,
1200.0,EAudioMood::Tense,0.0,1.0,60.0,,,,,
600.0,EAudioMood::Calm,0.0,0.0,60.0,,,,,
600.0,EAudioMood::Calm,0.0,0.0,60.0,,,,,
620.93,EAudioMood::Calm,1.0,0.0,60.0,,,,,
600.0,EAudioMood::Calm,0.0,0.0,60.0,,,,,
600.0,EAudioMood::Calm,0.0,0.0,60.0,,,,,
600.0,EAudioMood::Calm,0.0,0.0,60.0,,,,,
600.0,EAudioMood::Calm,0.0,0.0,60.0,,,,,
600.0,EAudioMood::Action,0.0,0.0,60.0,,,,,
600.0,EAudioMood::Action,0.0,0.0,60.0,,,,,
600.0,EAudioMood::Action,0.0,0.0,60.0,,,,,
0.0,EAudioMood::Action,0.0,0.0,60.0,,,,,
0.0,EAudioMood::Action,0.0,0.0,60.0,,,,,
600.0,EAudioMood::Action,0.0,0.0,60.0,,,,,
600.0,EAudioMood::Calm,0.0,0.0,60.0,,,,,
1200.0,EAudioMood::Tense,0.0,1.0,60.0,,,,,
1200.0,EAudioMood::Tense,0.0,1.0,60.0,,,,,
1200.0,EAudioMood::Tense,0.0,1.0,60.0,,,,,
600.0,EAudioMood::Calm,0.0,0.0,60.0,,,,,
600.0,EAudioMood::Calm,0.0,0.0,60.0,,,,,
600.0,EAudioMood::Action,0.0,0.0,40.0,,,,,
600.0,EAudioMood::Action,0.0,0.0,40.0,,,,,
600.0,EAudioMood::Action,0.0,0.0,40.0,,,,,
600.0,EAudioMood::Action,0.0,0.0,40.0,,,,,
600.0,EAudioMood::Action,0.0,0.0,40.0,,,,,
600.0,EAudioMood::Action,0.0,0.0,40.0,,,,,
600.0,EAudioMood::Action,0.0,0.0,40.0,,,,,
1200.0,EAudioMood::Action,0.0,1.0,40.0,,,,,
600.0,EAudioMood::Action,0.0,0.0,40.0,,,,,
600.0,EAudioMood::Action,0.0,0.0,40.0,,,,,
600.0,EAudioMood::Action,0.0,0.0,40.0,,,,,
600.0,EAudioMood::Action,0.0,0.0,40.0,,,,,
0.0,EAudioMood::Action,0.0,0.0,40.0,,,,,
600.0,EAudioMood::Calm,0.0,0.0,100.0,,,,,
600.0,EAudioMood::Calm,0.0,0.0,100.0,,,,,
600.0,EAudioMood::Calm,0.0,0.0,100.0,,,,,
600.0,EAudioMood::Calm,0.0,0.0,100.0,,,,,
1200.0,EAudioMood::Tense,0.0,1.0,100.0,,,,,
1200.0,EAudioMood::Tense,0.0,1.0,100.0,,,,,
600.0,EAudioMood::Calm,0.0,0.0,100.0,,,,,
1266.07,EAudioMood::Tense,1.0,1.0,100.0,,,,,
600.0,EAudioMood::Calm,0.0,0.0,100.0,,,,,
919.94,EAudioMood::Tense,0.0,1.0,100.0,,,,,
894.27,EAudioMood::Tense,0.0,1.0,100.0,,,,,
1203.02,EAudioMood::Tense,1.0,1.0,100.0,,,,,
600.0,EAudioMood::Calm,0.0,0.0,100.0,,,,,
600.0,EAudioMood::Calm,0.0,0.0,100.0,,,,,
600.0,EAudioMood::Calm,0.0,0.0,80.0,,,,,
600.0,EAudioMood::Action,0.0,0.0,80.0,,,,,
600.0,EAudioMood::Action,0.0,0.0,80.0,,,,,
614.82,EAudioMood::Action,1.0,0.0,80.0,,,,,
600.0,EAudioMood::Action,0.0,0.0,80.0,,,,,
600.0,EAudioMood::Action,0.0,0.0,80.0,,,,,
600.0,EAudioMood::Action,0.0,0.0,80.0,,,,,
600.0,EAudioMood::Calm,0.0,0.0,80.0,,,,,
1200.0,EAudioMood::Tense,0.0,1.0,80.0,,,,,
1200.0,EAudioMood::Tense,0.0,1.0,80.0,,,,,
600.0,EAudioMood::Calm,0.0,0.0,60.0,,,,,
600.0,EAudioMood::Calm,0.0,0.0,60.0,,,,,
601.72,EAudioMood::Calm,1.0,0.0,60.0,,,,,
604.92,EAudioMood::Calm,1.0,0.0,60.0,,,,,
600.0,EAudioMood::Action,0.0,0.0,60.0,,,,,
600.0,EAudioMood::Action,0.0,0.0,60.0,,,,,
600.0,EAudioMood::Action,0.0,0.0,60.0,,,,,
600.0,EAudioMood::Action,0.0,0.0,60.0,,,,,
600.0,EAudioMood::Action,0.0,0.0,60.0,,,,,
600.0,EAudioMood::Calm,0.0,0.0,60.0,,,,,
517.45,EAudioMood::Calm,0.0,0.0,60.0,,,,,
600.0,EAudioMood::Calm,0.0,0.0,60.0,,,,,
600.0,EAudioMood::Action,0.0,0.0,40.0,,,,,
600.0,EAudioMood::Action,0.0,0.0,40.0,,,,,
1200.0,EAudioMood::Action,0.0,1.0,40.0,,,,,
1258.83,EAudioMood::Action,1.0,1.0,40.0,,,,,
1022.03,EAudioMood::Action,1.0,1.0,40.0,,,,,
167.89,EAudioMood::Action,0.0,1.0,40.0,,,,,
1242.22,EAudioMood::Action,1.0,1.0,40.0,,,,,
872.45,EAudioMood::Action,1.0,1.0,40.0,,,,,
0.0,EAudioMood::Calm,0.0,0.0,100.0,,,,,
0.0,EAudioMood::Calm,0.0,0.0,100.0,,,,,
600.0,EAudioMood::Calm,0.0,0.0,100.0,,,,,
600.0,EAudioMood::Calm,0.0,0.0,100.0,,,,,
1200.0,EAudioMood::Tense,0.0,1.0,100.0,,,,,
1200.0,EAudioMood::Tense,0.0,1.0,100.0,,,,,
600.0,EAudioMood::Calm,0.0,0.0,100.0,,,,,
1200.0,EAudioMood::Tense,0.0,1.0,80.0,,,,,
600.0,EAudioMood::Calm,0.0,0.0,80.0,,,,,
600.0,EAudioMood::Calm,0.0,0.0,80.0,,,,,
1200.0,EAudioMood::Tense,0.0,1.0,80.0,,,,,
1200.0,EAudioMood::Tense,0.0,1.0,80.0,,,,,
600.0,EAudioMood::Calm,0.0,0.0,80.0,,,,,
600.0,EAudioMood::Calm,0.0,0.0,80.0,,,,,
600.0,EAudioMood::Action,0.0,0.0,80.0,,,,,
600.0,EAudioMood::Action,0.0,0.0,80.0,,,,,
643.78,EAudioMood::Action,1.0,0.0,80.0,,,,,
605.07,EAudioMood::Action,1.0,0.0,80.0,,,,,
603.18,EAudioMood::Action,1.0,0.0,80.0,,,,,
600.0,EAudioMood::Action,0.0,0.0,80.0,,,,,
907.2,EAudioMood::Tense,0.0,1.0,80.0,,,,,
1258.83,EAudioMood::Tense,1.0,1.0,80.0,,,,,
600.0,EAudioMood::Calm,0.0,0.0,80.0,,,,,
600.0,EAudioMood::Calm,0.0,0.0,80.0,,,,,
600.02,EAudioMood::Calm,1.0,0.0,80.0,,,,,
678.47,EAudioMood::Calm,1.0,0.0,80.0,,,,,
600.0,EAudioMood::Calm,0.0,0.0,80.0,,,,,
1159.57,EAudioMood::Tense,0.0,1.0,60.0,,,,,
1060.17,EAudioMood::Tense,1.0,1.0,60.0,,,,,
600.0,EAudioMood::Calm,0.0,0.0,60.0,,,,,
600.0,EAudioMood::Action,0.0,0.0,60.0,,,,,
652.59,EAudioMood::Action,1.0,0.0,60.0,,,,,
589.89,EAudioMood::Action,1.0,0.0,60.0,,,,,
600.0,EAudioMood::Action,0.0,0.0,60.0,,,,,
723.81,EAudioMood::Action,1.0,0.0,60.0,,,,,
614.82,EAudioMood::Action,1.0,0.0,60.0,,,,,
600.0,EAudioMood::Action,0.0,0.0,60.0,,,,,
1200.0,EAudioMood::Tense,0.0,1.0,60.0,,,,,
1183.27,EAudioMood::Tense,0.0,1.0,60.0,,,,,
1212.86,EAudioMood::Tense,1.0,1.0,60.0,,,,,
600.0,EAudioMood::Calm,0.0,0.0,60.0,,,,,
663.11,EAudioMood::Calm,1.0,0.0,60.0,,,,,
600.0,EAudioMood::Calm,0.0,0.0,60.0,,,,,
600.0,EAudioMood::Action,0.0,0.0,40.0,,,,,
657.12,EAudioMood::Action,1.0,0.0,40.0,,,,,
600.0,EAudioMood::Action,0.0,0.0,40.0,,,,,
714.16,EAudioMood::Action,1.0,0.0,40.0,,,,,
698.39,EAudioMood::Action,1.0,0.0,40.0,,,,,
600.0,EAudioMood::Action,0.0,0.0,20.0,,,,,
605.07,EAudioMood::Action,1.0,0.0,20.0,,,,,
603.06,EAudioMood::Action,1.0,0.0,20.0,,,,,
600.0,EAudioMood::Action,0.0,0.0,20.0,,,,,
600.0,EAudioMood::Action,0.0,0.0,20.0,,,,,
607.22,EAudioMood::Action,1.0,0.0,20.0,,,,,
600.0,EAudioMood::Action,0.0,0.0,20.0,,,,,
0.0,EAudioMood::Calm,0.0,0.0,100.0,,,,,
1200.0,EAudioMood::Tense,0.0,1.0,100.0,,,,,
1232.5,EAudioMood::Tense,1.0,1.0,100.0,,,,,
1200.0,EAudioMood::Tense,0.0,1.0,100.0,,,,,
1200.0,EAudioMood::Tense,0.0,1.0,100.0,,,,,
1200.0,EAudioMood::Tense,0.0,1.0,80.0,,,,,
1219.26,EAudioMood::Tense,1.0,1.0,80.0,,,,,
1111.52,EAudioMood::Tense,0.0,1.0,80.0,,,,,
1195.03,EAudioMood::Tense,1.0,1.0,80.0,,,,,
1200.0,EAudioMood::Tense,0.0,1.0,80.0,,,,,
1205.11,EAudioMood::Tense,1.0,1.0,80.0,,,,,
1203.62,EAudioMood::Tense,1.0,1.0,80.0,,,,,
1150.2,EAudioMood::Tense,0.0,1.0,80.0,,,,,
1224.1,EAudioMood::Tense,1.0,1.0,80.0,,,,,
1200.0,EAudioMood::Tense,0.0,1.0,80.0,,,,,
1222.25,EAudioMood::Tense,1.0,1.0,60.0,,,,,
1222.48,EAudioMood::Tense,1.0,1.0,60.0,,,,,
1200.54,EAudioMood::Tense,1.0,1.0,60.0,,,,,
1200.0,EAudioMood::Tense,0.0,1.0,60.0,,,,,
1224.06,EAudioMood::Tense,1.0,1.0,60.0,,,,,
600.0,EAudioMood::Calm,0.0,0.0,60.0,,,,,
600.0,EAudioMood::Calm,0.0,0.0,60.0,,,,,
600.0,EAudioMood::Action,0.0,0.0,40.0,,,,,
596.39,EAudioMood::Action,1.0,0.0,40.0,,,,,
0.0,EAudioMood::Calm,0.0,0.0,100.0,,,,,
0.0,EAudioMood::Calm,0.0,0.0,100.0,,,,,
0.0,EAudioMood::Calm,0.0,0.0,100.0,,,,,
0.0,EAudioMood::Calm,0.0,0.0,100.0,,,,,
0.0,EAudioMood::Calm,0.0,0.0,100.0,,,,,
600.0,EAudioMood::Calm,0.0,0.0,100.0,,,,,
1200.0,EAudioMood::Tense,0.0,1.0,100.0,,,,,
600.0,EAudioMood::Calm,0.0,0.0,100.0,,,,,
600.0,EAudioMood::Calm,0.0,0.0,100.0,,,,,
600.0,EAudioMood::Calm,0.0,0.0,100.0,,,,,
600.0,EAudioMood::Calm,0.0,0.0,80.0,,,,,
600.0,EAudioMood::Calm,0.0,0.0,80.0,,,,,
0.0,EAudioMood::Calm,0.0,0.0,80.0,,,,,
44.33,EAudioMood::Calm,1.0,0.0,80.0,,,,,
215.83,EAudioMood::Calm,1.0,0.0,80.0,,,,,
37.34,EAudioMood::Tense,1.0,1.0,80.0,,,,,
93.33,EAudioMood::Tense,1.0,1.0,80.0,,,,,
0.0,EAudioMood::Calm,0.0,0.0,80.0,,,,,
600.0,EAudioMood::Calm,0.0,0.0,80.0,,,,,
600.0,EAudioMood::Calm,0.0,0.0,80.0,,,,,
600.0,EAudioMood::Calm,0.0,0.0,80.0,,,,,
600.0,EAudioMood::Calm,0.0,0.0,80.0,,,,,
681.5,EAudioMood::Calm,1.0,0.0,80.0,,,,,
600.0,EAudioMood::Calm,0.0,0.0,80.0,,,,,
600.0,EAudioMood::Calm,0.0,0.0,60.0,,,,,
0.0,EAudioMood::Calm,0.0,0.0,60.0,,,,,
0.0,EAudioMood::Calm,0.0,0.0,60.0,,,,,
536.39,EAudioMood::Calm,0.0,0.0,60.0,,,,,
600.0,EAudioMood::Calm,0.0,0.0,60.0,,,,,
600.0,EAudioMood::Action,0.0,0.0,60.0,,,,,
0.0,EAudioMood::Action,0.0,0.0,60.0,,,,,
0.0,EAudioMood::Action,0.0,0.0,60.0,,,,,
21.0,EAudioMood::Action,1.0,0.0,60.0,,,,,
281.17,EAudioMood::Action,1.0,0.0,60.0,,,,,
0.0,EAudioMood::Action,0.0,0.0,60.0,,,,,
600.0,EAudioMood::Action,0.0,0.0,60.0,,,,,
600.0,EAudioMood::Calm,0.0,0.0,60.0,,,,,
600.0,EAudioMood::Action,0.0,0.0,40.0,,,,,
600.0,EAudioMood::Action,0.0,0.0,40.0,,,,,
207.66,EAudioMood::Action,1.0,0.0,40.0,,,,,
354.67,EAudioMood::Action,1.0,0.0,40.0,,,,,
600.0,EAudioMood::Action,0.0,0.0,40.0,,,,,
600.0,EAudioMood::Action,0.0,0.0,40.0,,,,,
600.0,EAudioMood::Action,0.0,0.0,40.0,,,,,
600.0,EAudioMood::Action,0.0,0.0,20.0,,,,,
36.16,EAudioMood::Action,1.0,0.0,20.0,,,,,
256.67,EAudioMood::Action,1.0,0.0,20.0,,,,,
421.18,EAudioMood::Action,1.0,0.0,20.0,,,,,
600.0,EAudioMood::Action,0.0,0.0,20.0,,,,,
600.0,EAudioMood::Action,0.0,0.0,20.0,,,,,
601.64,EAudioMood::Action,1.0,0.0,20.0,,,,,
600.0,EAudioMood::Action,0.0,0.0,20.0,,,,,
632.67,EAudioMood::Action,1.0,0.0,20.0,,,,,
600.0,EAudioMood::Action,0.0,0.0,20.0,,,,,
623.08,EAudioMood::Action,1.0,0.0,20.0,,,,,
600.0,EAudioMood::Action,0.0,0.0,20.0,,,,,
613.09,EAudioMood::Action,1.0,0.0,20.0,,,,,
0.0,EAudioMood::Calm,0.0,0.0,100.0,,,,,
1200.0,EAudioMood::Tense,0.0,1.0,100.0,,,,,
1200.0,EAudioMood::Tense,0.0,1.0,100.0,,,,,
1200.0,EAudioMood::Tense,0.0,1.0,100.0,,,,,
1200.0,EAudioMood::Tense,0.0,1.0,100.0,,,,,
1200.0,EAudioMood::Tense,0.0,1.0,100.0,,,,,
1200.0,EAudioMood::Tense,0.0,1.0,100.0,,,,,
1200.0,EAudioMood::Tense,0.0,1.0,100.0,,,,,
1200.0,EAudioMood::Tense,0.0,1.0,100.0,,,,,
1200.0,EAudioMood::Tense,0.0,1.0,100.0,,,,,
1200.0,EAudioMood::Tense,0.0,1.0,80.0,,,,,
1200.0,EAudioMood::Tense,0.0,1.0,80.0,,,,,
1200.0,EAudioMood::Tense,0.0,1.0,80.0,,,,,
1200.0,EAudioMood::Tense,0.0,1.0,80.0,,,,,
1200.0,EAudioMood::Tense,0.0,1.0,80.0,,,,,
1230.66,EAudioMood::Tense,1.0,1.0,80.0,,,,,
1242.76,EAudioMood::Tense,1.0,1.0,80.0,,,,,
1200.0,EAudioMood::Tense,0.0,1.0,80.0,,,,,
1230.92,EAudioMood::Tense,1.0,1.0,80.0,,,,,
1213.9,EAudioMood::Tense,1.0,1.0,80.0,,,,,
1200.0,EAudioMood::Tense,0.0,1.0,80.0,,,,,
1211.7,EAudioMood::Tense,1.0,1.0,60.0,,,,,
1212.69,EAudioMood::Tense,1.0,1.0,60.0,,,,,
0.0,EAudioMood::Calm,0.0,0.0,60.0,,,,,
0.0,EAudioMood::Tense,0.0,1.0,60.0,,,,,
0.0,EAudioMood::Tense,0.0,1.0,60.0,,,,,
0.0,EAudioMood::Tense,0.0,1.0,60.0,,,,,
600.0,EAudioMood::Calm,0.0,0.0,60.0,,,,,
0.0,EAudioMood::Calm,0.0,0.0,60.0,,,,,
0.0,EAudioMood::Tense,0.0,1.0,60.0,,,,,
282.34,EAudioMood::Tense,1.0,1.0,60.0,,,,,
4.67,EAudioMood::Tense,1.0,1.0,60.0,,,,,
600.0,EAudioMood::Calm,0.0,0.0,60.0,,,,,
1141.81,EAudioMood::Tense,0.0,1.0,60.0,,,,,
1205.89,EAudioMood::Tense,1.0,1.0,60.0,,,,,
1106.86,EAudioMood::Tense,0.0,1.0,60.0,,,,,
1247.1,EAudioMood::Tense,1.0,1.0,60.0,,,,,
1200.18,EAudioMood::Tense,1.0,1.0,60.0,,,,,
1132.08,EAudioMood::Tense,0.0,1.0,60.0,,,,,
0.0,EAudioMood::Calm,0.0,0.0,60.0,,,,,
0.0,EAudioMood::Calm,0.0,0.0,100.0,,,,,
620.62,EAudioMood::Calm,1.0,0.0,100.0,,,,,
600.0,EAudioMood::Calm,0.0,0.0,100.0,,,,,
685.41,EAudioMood::Calm,1.0,0.0,100.0,,,,,
606.18,EAudioMood::Calm,1.0,0.0,100.0,,,,,
1200.0,EAudioMood::Tense,0.0,1.0,100.0,,,,,
1202.54,EAudioMood::Tense,1.0,1.0,100.0,,,,,
1230.66,EAudioMood::Tense,1.0,1.0,100.0,,,,,
586.94,EAudioMood::Tense,0.0,1.0,100.0,,,,,
1210.6,EAudioMood::Tense,1.0,1.0,80.0,,,,,
1200.54,EAudioMood::Tense,1.0,1.0,80.0,,,,,
1200.0,EAudioMood::Tense,0.0,1.0,80.0,,,,,
1232.5,EAudioMood::Tense,1.0,1.0,80.0,,,,,
1143.72,EAudioMood::Tense,0.0,1.0,80.0,,,,,
1200.82,EAudioMood::Tense,1.0,1.0,80.0,,,,,
1200.0,EAudioMood::Tense,0.0,1.0,80.0,,,,,
1200.0,EAudioMood::Tense,0.0,1.0,80.0,,,,,
1200.0,EAudioMood::Tense,0.0,1.0,80.0,,,,,
1200.0,EAudioMood::Tense,0.0,1.0,80.0,,,,,
1200.0,EAudioMood::Tense,0.0,1.0,80.0,,,,,
1200.16,EAudioMood::Tense,1.0,1.0,80.0,,,,,
1200.0,EAudioMood::Tense,0.0,1.0,80.0,,,,,
1271.77,EAudioMood::Tense,1.0,1.0,60.0,,,,,
479.86,EAudioMood::Tense,1.0,1.0,60.0,,,,,
1249.02,EAudioMood::Tense,1.0,1.0,60.0,,,,,
1085.06,EAudioMood::Tense,0.0,1.0,60.0,,,,,
1211.7,EAudioMood::Tense,1.0,1.0,60.0,,,,,
1215.16,EAudioMood::Tense,1.0,1.0,60.0,,,,,
600.0,EAudioMood::Calm,0.0,0.0,60.0,,,,,
600.0,EAudioMood::Calm,0.0,0.0,60.0,,,,,
701.9,EAudioMood::Action,1.0,0.0,40.0,,,,,
677.12,EAudioMood::Action,1.0,0.0,40.0,,,,,
788.4,EAudioMood::Action,0.0,1.0,40.0,,,,,
1225.46,EAudioMood::Action,1.0,1.0,40.0,,,,,
1223.67,EAudioMood::Action,1.0,1.0,40.0,,,,,
1200.0,EAudioMood::Action,0.0,1.0,40.0,,,,,
600.0,EAudioMood::Action,0.0,0.0,40.0,,,,,
693.75,EAudioMood::Action,1.0,0.0,40.0,,,,,
601.16,EAudioMood::Action,1.0,0.0,40.0,,,,,
673.37,EAudioMood::Action,1.0,0.0,40.0,,,,,
600.0,EAudioMood::Action,0.0,0.0,40.0,,,,,
643.78,EAudioMood::Action,1.0,0.0,40.0,,,,,
614.82,EAudioMood::Action,1.0,0.0,40.0,,,,,
600.0,EAudioMood::Action,0.0,0.0,40.0,,,,,
0.0,EAudioMood::Calm,0.0,0.0,100.0,,,,,
0.0,EAudioMood::Calm,0.0,0.0,100.0,,,,,
0.0,EAudioMood::Calm,0.0,0.0,100.0,,,,,
0.0,EAudioMood::Calm,0.0,0.0,100.0,,,,,
0.0,EAudioMood::Tense,0.0,1.0,100.0,,,,,
0.0,EAudioMood::Calm,0.0,0.0,100.0,,,,,
600.0,EAudioMood::Calm,0.0,0.0,100.0,,,,,
600.0,EAudioMood::Calm,0.0,0.0,80.0,,,,,
224.0,EAudioMood::Calm,1.0,0.0,80.0,,,,,
273.07,EAudioMood::Calm,0.0,0.0,80.0,,,,,
502.93,EAudioMood::Calm,0.0,0.0,60.0,,,,,
53.67,EAudioMood::Calm,1.0,0.0,60.0,,,,,
282.71,EAudioMood::Calm,0.0,0.0,60.0,,,,,
139.36,EAudioMood::Action,0.0,0.0,40.0,,,,,
298.67,EAudioMood::Action,1.0,0.0,40.0,,,,,
315.01,EAudioMood::Action,1.0,0.0,40.0,,,,,
224.0,EAudioMood::Action,1.0,0.0,40.0,,,,,
0.0,EAudioMood::Action,0.0,0.0,40.0,,,,,
0.0,EAudioMood::Action,0.0,0.0,40.0,,,,,
380.34,EAudioMood::Action,1.0,0.0,40.0,,,,,
600.0,EAudioMood::Action,0.0,0.0,40.0,,,,,
693.45,EAudioMood::Action,1.0,0.0,40.0,,,,,
600.0,EAudioMood::Action,0.0,0.0,40.0,,,,,
1167.39,EAudioMood::Action,1.0,1.0,40.0,,,,,
1227.14,EAudioMood::Action,1.0,1.0,40.0,,,,,
1211.54,EAudioMood::Action,1.0,1.0,40.0,,,,,
1202.04,EAudioMood::Action,1.0,1.0,40.0,,,,,
1205.77,EAudioMood::Action,1.0,1.0,40.0,,,,,
1200.0,EAudioMood::Action,0.0,1.0,40.0,,,,,
1041.89,EAudioMood::Action,1.0,1.0,40.0,,,,,
0.0,EAudioMood::Action,0.0,0.0,40.0,,,,,
0.0,EAudioMood::Action,0.0,0.0,40.0,,,,,
0.0,EAudioMood::Action,0.0,0.0,40.0,,,,,
0.0,EAudioMood::Action,0.0,0.0,40.0,,,,,
0.0,EAudioMood::Action,0.0,0.0,40.0,,,,,
0.0,EAudioMood::Action,0.0,0.0,40.0,,,,,
0.0,EAudioMood::Action,0.0,0.0,40.0,,,,,
0.0,EAudioMood::Action,0.0,0.0,40.0,,,,,
0.0,EAudioMood::Action,0.0,0.0,40.0,,,,,
0.0,EAudioMood::Action,0.0,0.0,40.0,,,,,
0.0,EAudioMood::Action,0.0,0.0,40.0,,,,,
0.0,EAudioMood::Action,0.0,0.0,40.0,,,,,
655.82,EAudioMood::Action,1.0,0.0,40.0,,,,,
673.37,EAudioMood::Action,1.0,0.0,40.0,,,,,
689.4,EAudioMood::Action,1.0,0.0,40.0,,,,,
1200.0,EAudioMood::Action,0.0,1.0,40.0,,,,,
344.0,EAudioMood::Action,1.0,1.0,40.0,,,,,
428.26,EAudioMood::Action,1.0,1.0,40.0,,,,,
580.58,EAudioMood::Action,1.0,1.0,40.0,,,,,
811.22,EAudioMood::Action,0.0,1.0,40.0,,,,,
1049.16,EAudioMood::Action,1.0,0.0,40.0,,,,,
0.0,EAudioMood::Calm,0.0,0.0,100.0,,,,,
600.0,EAudioMood::Calm,0.0,0.0,100.0,,,,,
600.0,EAudioMood::Calm,0.0,0.0,80.0,,,,,
600.0,EAudioMood::Calm,0.0,0.0,80.0,,,,,
578.75,EAudioMood::Calm,0.0,0.0,60.0,,,,,
600.0,EAudioMood::Action,0.0,0.0,40.0,,,,,
718.62,EAudioMood::Action,1.0,0.0,20.0,,,,,
577.5,EAudioMood::Action,0.0,0.0,20.0,,,,,
1200.0,EAudioMood::Action,0.0,1.0,20.0,,,,,
1269.08,EAudioMood::Action,1.0,1.0,20.0,,,,,
1206.72,EAudioMood::Action,1.0,1.0,20.0,,,,,
1201.15,EAudioMood::Action,1.0,1.0,20.0,,,,,
1200.0,EAudioMood::Action,0.0,1.0,20.0,,,,,
1261.32,EAudioMood::Action,1.0,1.0,20.0,,,,,
1202.54,EAudioMood::Action,1.0,1.0,20.0,,,,,
1206.6,EAudioMood::Action,1.0,1.0,20.0,,,,,
1268.7,EAudioMood::Action,1.0,1.0,20.0,,,,,
711.87,EAudioMood::Action,0.0,1.0,20.0,,,,,
1205.0,EAudioMood::Action,1.0,1.0,20.0,,,,,
1213.9,EAudioMood::Action,1.0,1.0,20.0,,,,,
1200.0,EAudioMood::Action,0.0,1.0,20.0,,,,,
1200.0,EAudioMood::Action,0.0,1.0,20.0,,,,,
1266.08,EAudioMood::Action,1.0,1.0,20.0,,,,,
1249.02,EAudioMood::Action,1.0,1.0,20.0,,,,,
876.22,EAudioMood::Action,0.0,1.0,20.0,,,,,
1229.13,EAudioMood::Action,1.0,1.0,20.0,,,,,
1240.39,EAudioMood::Action,1.0,1.0,20.0,,,,,
1200.82,EAudioMood::Action,1.0,1.0,20.0,,,,,
1202.54,EAudioMood::Action,1.0,1.0,20.0,,,,,
600.0,EAudioMood::Action,0.0,0.0,20.0,,,,,
600.0,EAudioMood::Action,0.0,0.0,20.0,,,,,
600.0,EAudioMood::Action,0.0,0.0,20.0,,,,,
600.0,EAudioMood::Action,0.0,0.0,20.0,,,,,
600.0,EAudioMood::Action,0.0,0.0,20.0,,,,,
608.72,EAudioMood::Action,1.0,0.0,20.0,,,,,
600.0,EAudioMood::Action,0.0,0.0,20.0,,,,,
700.93,EAudioMood::Action,1.0,0.0,20.0,,,,,
600.01,EAudioMood::Action,1.0,0.0,20.0,,,,,
600.0,EAudioMood::Action,0.0,0.0,20.0,,,,,
600.0,EAudioMood::Action,0.0,0.0,20.0,,,,,
22.83,EAudioMood::Action,0.0,0.0,20.0,,,,,
0.0,EAudioMood::Calm,0.0,0.0,100.0,,,,,
604.92,EAudioMood::Calm,1.0,0.0,100.0,,,,,
616.65,EAudioMood::Calm,1.0,0.0,100.0,,,,,
632.3,EAudioMood::Calm,1.0,0.0,100.0,,,,,
536.69,EAudioMood::Calm,0.0,0.0,100.0,,,,,
600.0,EAudioMood::Calm,0.0,0.0,100.0,,,,,
605.07,EAudioMood::Calm,1.0,0.0,100.0,,,,,
0.0,EAudioMood::Action,0.0,0.0,100.0,,,,,
0.0,EAudioMood::Action,0.0,0.0,100.0,,,,,
0.0,EAudioMood::Action,0.0,0.0,100.0,,,,,
0.0,EAudioMood::Action,0.0,0.0,100.0,,,,,
0.0,EAudioMood::Action,0.0,0.0,100.0,,,,,
610.15,EAudioMood::Calm,1.0,0.0,100.0,,,,,
600.02,EAudioMood::Calm,1.0,0.0,100.0,,,,,
357.87,EAudioMood::Calm,1.0,0.0,100.0,,,,,
632.3,EAudioMood::Calm,1.0,0.0,100.0,,,,,
600.0,EAudioMood::Calm,0.0,0.0,100.0,,,,,
600.0,EAudioMood::Action,0.0,0.0,100.0,,,,,
600.0,EAudioMood::Action,0.0,0.0,100.0,,,,,
600.0,EAudioMood::Action,0.0,0.0,100.0,,,,,
600.0,EAudioMood::Action,0.0,0.0,100.0,,,,,
600.0,EAudioMood::Action,0.0,0.0,100.0,,,,,
649.42,EAudioMood::Action,1.0,0.0,100.0,,,,,
529.11,EAudioMood::Action,1.0,0.0,100.0,,,,,
600.0,EAudioMood::Action,0.0,0.0,100.0,,,,,
504.16,EAudioMood::Action,0.0,0.0,100.0,,,,,
1200.0,EAudioMood::Tense,0.0,1.0,100.0,,,,,
1200.0,EAudioMood::Tense,0.0,1.0,100.0,,,,,
1244.9,EAudioMood::Tense,1.0,1.0,80.0,,,,,
1200.0,EAudioMood::Tense,0.0,1.0,80.0,,,,,
1200.0,EAudioMood::Tense,0.0,1.0,80.0,,,,,
1220.94,EAudioMood::Tense,1.0,1.0,80.0,,,,,
1205.77,EAudioMood::Tense,1.0,1.0,80.0,,,,,
1213.9,EAudioMood::Tense,1.0,1.0,80.0,,,,,
1254.97,EAudioMood::Tense,1.0,1.0,80.0,,,,,
1263.86,EAudioMood::Tense,1.0,1.0,80.0,,,,,
1244.59,EAudioMood::Tense,1.0,1.0,80.0,,,,,
1200.16,EAudioMood::Tense,1.0,1.0,80.0,,,,,
1234.66,EAudioMood::Action,1.0,1.0,80.0,,,,,
600.0,EAudioMood::Calm,0.0,0.0,80.0,,,,,
600.0,EAudioMood::Calm,0.0,0.0,80.0,,,,,
600.0,EAudioMood::Action,0.0,0.0,80.0,,,,,
250.71,EAudioMood::Action,1.0,0.0,80.0,,,,,
600.71,EAudioMood::Action,1.0,0.0,80.0,,,,,
600.0,EAudioMood::Action,0.0,0.0,80.0,,,,,
608.52,EAudioMood::Action,1.0,0.0,80.0,,,,,
287.37,EAudioMood::Action,0.0,0.0,80.0,,,,,
627.68,EAudioMood::Action,1.0,0.0,80.0,,,,,
600.71,EAudioMood::Action,1.0,0.0,80.0,,,,,
600.0,EAudioMood::Action,0.0,0.0,80.0,,,,,
692.86,EAudioMood::Action,1.0,0.0,80.0,,,,,
600.0,EAudioMood::Action,0.0,0.0,80.0,,,,,
629.77,EAudioMood::Calm,1.0,0.0,80.0,,,,,
600.0,EAudioMood::Calm,0.0,0.0,80.0,,,,,
600.0,EAudioMood::Calm,0.0,0.0,60.0,,,,,
601.72,EAudioMood::Calm,1.0,0.0,60.0,,,,,
666.12,EAudioMood::Calm,1.0,0.0,60.0,,,,,
600.0,EAudioMood::Calm,0.0,0.0,60.0,,,,,
728.41,EAudioMood::Calm,1.0,0.0,60.0,,,,,
697.28,EAudioMood::Tense,1.0,1.0,60.0,,,,,
1263.5,EAudioMood::Tense,1.0,1.0,60.0,,,,,
1045.65,EAudioMood::Tense,0.0,1.0,60.0,,,,,
1200.0,EAudioMood::Tense,0.0,1.0,60.0,,,,,
1200.0,EAudioMood::Tense,0.0,1.0,60.0,,,,,
1200.0,EAudioMood::Tense,0.0,1.0,60.0,,,,,
1258.83,EAudioMood::Tense,1.0,1.0,60.0,,,,,
1201.15,EAudioMood::Tense,1.0,1.0,60.0,,,,,
1215.16,EAudioMood::Tense,1.0,1.0,60.0,,,,,
1266.45,EAudioMood::Tense,1.0,1.0,60.0,,,,,
1216.47,EAudioMood::Tense,1.0,1.0,60.0,,,,,
600.0,EAudioMood::Calm,0.0,0.0,60.0,,,,,
600.0,EAudioMood::Calm,0.0,0.0,60.0,,,,,
600.0,EAudioMood::Calm,0.0,0.0,60.0,,,,,
600.0,EAudioMood::Action,0.0,0.0,60.0,,,,,
728.41,EAudioMood::Action,1.0,0.0,60.0,,,,,
606.18,EAudioMood::Action,1.0,0.0,60.0,,,,,
600.0,EAudioMood::Calm,0.0,0.0,60.0,,,,,
666.63,EAudioMood::Calm,1.0,0.0,60.0,,,,,
1200.0,EAudioMood::Tense,0.0,1.0,60.0,,,,,
1200.0,EAudioMood::Tense,0.0,1.0,60.0,,,,,
600.0,EAudioMood::Action,0.0,0.0,40.0,,,,,
600.0,EAudioMood::Action,0.0,0.0,40.0,,,,,
600.0,EAudioMood::Action,0.0,0.0,20.0,,,,,
600.0,EAudioMood::Action,0.0,0.0,20.0,,,,,
600.0,EAudioMood::Action,0.0,0.0,20.0,,,,,
600.0,EAudioMood::Action,0.0,0.0,20.0,,,,,
1200.0,EAudioMood::Action,0.0,1.0,20.0,,,,,
1232.77,EAudioMood::Action,1.0,0.0,20.0,,,,,
635.31,EAudioMood::Action,1.0,0.0,20.0,,,,,
709.77,EAudioMood::Action,1.0,0.0,20.0,,,,,
733.07,EAudioMood::Action,1.0,0.0,20.0,,,,,
603.18,EAudioMood::Action,1.0,0.0,20.0,,,,,
602.29,EAudioMood::Action,1.0,0.0,20.0,,,,,
634.92,EAudioMood::Action,1.0,0.0,20.0,,,,,
666.12,EAudioMood::Action,1.0,0.0,20.0,,,,,
733.07,EAudioMood::Action,1.0,0.0,20.0,,,,,
728.41,EAudioMood::Action,1.0,0.0,20.0,,,,,
346.27,EAudioMood::Action,1.0,0.0,20.0,,,,,
709.77,EAudioMood::Action,1.0,0.0,20.0,,,,,
600.0,EAudioMood::Calm,0.0,0.0,100.0,,,,,
600.0,EAudioMood::Calm,0.0,0.0,100.0,,,,,
600.0,EAudioMood::Calm,0.0,0.0,100.0,,,,,
643.78,EAudioMood::Calm,1.0,0.0,100.0,,,,,
620.93,EAudioMood::Calm,1.0,0.0,100.0,,,,,
613.33,EAudioMood::Calm,1.0,0.0,100.0,,,,,
603.94,EAudioMood::Calm,1.0,0.0,100.0,,,,,
620.62,EAudioMood::Calm,1.0,0.0,100.0,,,,,
649.42,EAudioMood::Calm,1.0,0.0,100.0,,,,,
180.49,EAudioMood::Calm,0.0,0.0,100.0,,,,,
0.0,EAudioMood::Calm,0.0,0.0,100.0,,,,,
0.0,EAudioMood::Calm,0.0,0.0,100.0,,,,,
0.0,EAudioMood::Calm,0.0,0.0,100.0,,,,,
0.0,EAudioMood::Calm,0.0,0.0,100.0,,,,,
0.0,EAudioMood::Calm,0.0,0.0,100.0,,,,,
0.0,EAudioMood::Calm,0.0,0.0,100.0,,,,,
600.0,EAudioMood::Calm,0.0,0.0,100.0,,,,,
600.0,EAudioMood::Calm,0.0,0.0,100.0,,,,,
600.0,EAudioMood::Calm,0.0,0.0,100.0,,,,,
634.92,EAudioMood::Calm,1.0,0.0,100.0,,,,,
692.86,EAudioMood::Calm,1.0,0.0,100.0,,,,,
600.0,EAudioMood::Calm,0.0,0.0,100.0,,,,,
600.0,EAudioMood::Calm,0.0,0.0,100.0,,,,,
600.0,EAudioMood::Calm,0.0,0.0,100.0,,,,,
600.0,EAudioMood::Calm,0.0,0.0,80.0,,,,,
693.45,EAudioMood::Calm,1.0,0.0,80.0,,,,,
608.72,EAudioMood::Calm,1.0,0.0,80.0,,,,,
637.64,EAudioMood::Calm,1.0,0.0,80.0,,,,,
600.0,EAudioMood::Calm,0.0,0.0,80.0,,,,,
0.0,EAudioMood::Calm,0.0,0.0,80.0,,,,,
0.0,EAudioMood::Calm,0.0,0.0,80.0,,,,,
0.0,EAudioMood::Calm,0.0,0.0,80.0,,,,,
0.0,EAudioMood::Calm,0.0,0.0,80.0,,,,,
0.0,EAudioMood::Calm,0.0,0.0,80.0,,,,,
0.0,EAudioMood::Calm,0.0,0.0,80.0,,,,,
204.79,EAudioMood::Calm,0.0,0.0,80.0,,,,,
600.0,EAudioMood::Calm,0.0,0.0,80.0,,,,,
706.05,EAudioMood::Calm,1.0,0.0,80.0,,,,,
669.7,EAudioMood::Calm,1.0,0.0,80.0,,,,,
600.0,EAudioMood::Calm,0.0,0.0,80.0,,,,,
635.31,EAudioMood::Calm,1.0,0.0,80.0,,,,,
637.64,EAudioMood::Calm,1.0,0.0,80.0,,,,,
600.0,EAudioMood::Calm,0.0,0.0,60.0,,,,,
600.0,EAudioMood::Calm,0.0,0.0,60.0,,,,,
604.92,EAudioMood::Calm,1.0,0.0,60.0,,,,,
718.62,EAudioMood::Calm,1.0,0.0,60.0,,,,,
516.34,EAudioMood::Calm,0.0,0.0,60.0,,,,,
616.92,EAudioMood::Calm,1.0,0.0,60.0,,,,,
627.34,EAudioMood::Calm,1.0,0.0,60.0,,,,,
692.86,EAudioMood::Calm,1.0,0.0,60.0,,,,,
0.0,EAudioMood::Calm,0.0,0.0,60.0,,,,,
0.0,EAudioMood::Calm,0.0,0.0,60.0,,,,,
0.0,EAudioMood::Calm,0.0,0.0,60.0,,,,,
0.0,EAudioMood::Calm,0.0,0.0,60.0,,,,,
0.0,EAudioMood::Calm,0.0,0.0,60.0,,,,,
0.0,EAudioMood::Calm,0.0,0.0,60.0,,,,,
0.0,EAudioMood::Calm,0.0,0.0,60.0,,,,,
723.15,EAudioMood::Calm,1.0,0.0,60.0,,,,,
643.78,EAudioMood::Calm,1.0,0.0,60.0,,,,,
610.15,EAudioMood::Calm,1.0,0.0,60.0,,,,,
614.82,EAudioMood::Calm,1.0,0.0,60.0,,,,,
649.42,EAudioMood::Calm,1.0,0.0,60.0,,,,,
600.0,EAudioMood::Calm,0.0,0.0,60.0,,,,,
632.67,EAudioMood::Calm,1.0,0.0,60.0,,,,,
688.82,EAudioMood::Action,1.0,0.0,40.0,,,,,
685.41,EAudioMood::Action,1.0,0.0,40.0,,,,,
600.0,EAudioMood::Action,0.0,0.0,40.0,,,,,
662.61,EAudioMood::Action,1.0,0.0,40.0,,,,,
468.54,EAudioMood::Action,0.0,0.0,40.0,,,,,
0.0,EAudioMood::Action,0.0,0.0,40.0,,,,,
0.0,EAudioMood::Action,0.0,0.0,40.0,,,,,
0.0,EAudioMood::Action,0.0,0.0,40.0,,,,,
0.0,EAudioMood::Action,0.0,0.0,40.0,,,,,
0.0,EAudioMood::Action,0.0,0.0,40.0,,,,,
0.0,EAudioMood::Action,0.0,0.0,40.0,,,,,
0.0,EAudioMood::Action,0.0,0.0,40.0,,,,,
375.47,EAudioMood::Action,0.0,0.0,40.0,,,,,
600.0,EAudioMood::Action,0.0,0.0,40.0,,,,,
600.0,EAudioMood::Action,0.0,0.0,20.0,,,,,
632.3,EAudioMood::Action,1.0,0.0,20.0,,,,,
600.0,EAudioMood::Action,0.0,0.0,20.0,,,,,
659.67,EAudioMood::Action,1.0,0.0,20.0,,,,,
629.77,EAudioMood::Action,1.0,0.0,20.0,,,,,
600.0,EAudioMood::Action,0.0,0.0,20.0,,,,,
659.67,EAudioMood::Action,1.0,0.0,20.0,,,,,
600.37,EAudioMood::Action,1.0,0.0,20.0,,,,,
0.0,EAudioMood::Action,0.0,0.0,20.0,,,,,
0.0,EAudioMood::Action,0.0,0.0,20.0,,,,,
0.0,EAudioMood::Action,0.0,0.0,20.0,,,,,
0.0,EAudioMood::Action,0.0,0.0,20.0,,,,,
600.0,EAudioMood::Action,0.0,0.0,20.0,,,,,
715.58,EAudioMood::Action,1.0,0.0,20.0,,,,,
601.64,EAudioMood::Action,1.0,0.0,20.0,,,,,
609.94,EAudioMood::Action,1.0,0.0,20.0,,,,,
600.0,EAudioMood::Action,0.0,0.0,20.0,,,,,
710.39,EAudioMood::Action,1.0,0.0,20.0,,,,,
0.0,EAudioMood::Action,0.0,0.0,20.0,,,,,
0.0,EAudioMood::Action,0.0,0.0,20.0,,,,,
0.0,EAudioMood::Action,0.0,0.0,20.0,,,,,
0.0,EAudioMood::Calm,0.0,0.0,100.0,,,,,
1200.0,EAudioMood::Tense,0.0,1.0,100.0,,,,,
1200.0,EAudioMood::Tense,0.0,1.0,100.0,,,,,
1200.0,EAudioMood::Tense,0.0,1.0,100.0,,,,,
1200.0,EAudioMood::Tense,0.0,1.0,100.0,,,,,
1200.0,EAudioMood::Tense,0.0,1.0,100.0,,,,,
1200.0,EAudioMood::Tense,0.0,1.0,100.0,,,,,
1200.0,EAudioMood::Tense,0.0,1.0,100.0,,,,,
1200.0,EAudioMood::Tense,0.0,1.0,80.0,,,,,
691.23,EAudioMood::Tense,1.0,1.0,80.0,,,,,
1211.7,EAudioMood::Tense,1.0,1.0,80.0,,,,,
1038.26,EAudioMood::Tense,1.0,1.0,80.0,,,,,
1200.16,EAudioMood::Tense,1.0,1.0,80.0,,,,,
1205.77,EAudioMood::Tense,1.0,1.0,80.0,,,,,
1100.19,EAudioMood::Tense,1.0,1.0,80.0,,,,,
1198.29,EAudioMood::Tense,1.0,1.0,80.0,,,,,
1200.0,EAudioMood::Tense,0.0,1.0,80.0,,,,,
768.7,EAudioMood::Tense,0.0,1.0,80.0,,,,,
1200.0,EAudioMood::Tense,0.0,1.0,80.0,,,,,
1192.03,EAudioMood::Tense,1.0,1.0,80.0,,,,,
1203.02,EAudioMood::Tense,1.0,1.0,60.0,,,,,
1200.0,EAudioMood::Tense,0.0,1.0,60.0,,,,,
1200.0,EAudioMood::Tense,0.0,1.0,60.0,,,,,
1194.63,EAudioMood::Tense,1.0,1.0,60.0,,,,,
1209.55,EAudioMood::Tense,1.0,1.0,60.0,,,,,
1203.62,EAudioMood::Tense,1.0,1.0,60.0,,,,,
1234.39,EAudioMood::Tense,1.0,1.0,60.0,,,,,
1191.5,EAudioMood::Tense,0.0,1.0,60.0,,,,,
1209.55,EAudioMood::Calm,1.0,0.0,60.0,,,,,
999.67,EAudioMood::Tense,0.0,1.0,60.0,,,,,
1200.0,EAudioMood::Tense,0.0,1.0,60.0,,,,,
1223.83,EAudioMood::Tense,1.0,1.0,60.0,,,,,
1228.88,EAudioMood::Tense,1.0,1.0,60.0,,,,,
1047.74,EAudioMood::Tense,0.0,1.0,60.0,,,,,
507.51,EAudioMood::Calm,0.0,0.0,60.0,,,,,
0.0,EAudioMood::Tense,0.0,1.0,60.0,,,,,
0.0,EAudioMood::Tense,0.0,1.0,60.0,,,,,
0.0,EAudioMood::Tense,0.0,1.0,60.0,,,,,
1200.0,EAudioMood::Tense,0.0,1.0,60.0,,,,,
1200.0,EAudioMood::Tense,0.0,1.0,60.0,,,,,
1200.0,EAudioMood::Tense,0.0,1.0,60.0,,,,,
581.42,EAudioMood::Action,0.0,0.0,40.0,,,,,
1200.0,EAudioMood::Action,0.0,1.0,40.0,,,,,
1258.83,EAudioMood::Action,1.0,1.0,40.0,,,,,
236.32,EAudioMood::Action,1.0,1.0,40.0,,,,,
1200.58,EAudioMood::Action,1.0,1.0,20.0,,,,,
121.0,EAudioMood::Action,1.0,1.0,20.0,,,,,
1213.9,EAudioMood::Action,1.0,1.0,20.0,,,,,
1037.99,EAudioMood::Action,0.0,1.0,20.0,,,,,
1200.0,EAudioMood::Action,0.0,1.0,0.0,,,,,
1263.86,EAudioMood::Action,1.0,1.0,0.0,,,,,
0.0,EAudioMood::Calm,0.0,0.0,100.0,,,,,
0.0,EAudioMood::Calm,0.0,0.0,100.0,,,,,
0.0,EAudioMood::Calm,0.0,0.0,100.0,,,,,
600.0,EAudioMood::Calm,0.0,0.0,100.0,,,,,
600.0,EAudioMood::Calm,0.0,0.0,100.0,,,,,
600.0,EAudioMood::Calm,0.0,0.0,100.0,,,,,
600.0,EAudioMood::Calm,0.0,0.0,100.0,,,,,
600.0,EAudioMood::Calm,0.0,0.0,100.0,,,,,
600.0,EAudioMood::Calm,0.0,0.0,100.0,,,,,
0.0,EAudioMood::Calm,0.0,0.0,100.0,,,,,
0.0,EAudioMood::Calm,0.0,0.0,100.0,,,,,
0.0,EAudioMood::Calm,0.0,0.0,100.0,,,,,
0.0,EAudioMood::Calm,0.0,0.0,100.0,,,,,
0.0,EAudioMood::Calm,0.0,0.0,100.0,,,,,
600.0,EAudioMood::Calm,0.0,0.0,100.0,,,,,
600.0,EAudioMood::Calm,0.0,0.0,100.0,,,,,
600.0,EAudioMood::Calm,0.0,0.0,80.0,,,,,
600.0,EAudioMood::Calm,0.0,0.0,80.0,,,,,
1200.0,EAudioMood::Tense,0.0,1.0,80.0,,,,,
1200.0,EAudioMood::Tense,0.0,1.0,80.0,,,,,
1242.45,EAudioMood::Tense,1.0,1.0,80.0,,,,,
1200.0,EAudioMood::Tense,0.0,1.0,80.0,,,,,
1203.1,EAudioMood::Tense,1.0,1.0,80.0,,,,,
1202.47,EAudioMood::Tense,1.0,1.0,80.0,,,,,
1200.0,EAudioMood::Tense,0.0,1.0,80.0,,,,,
1200.0,EAudioMood::Tense,0.0,1.0,80.0,,,,,
1200.0,EAudioMood::Tense,0.0,1.0,80.0,,,,,
1200.0,EAudioMood::Tense,0.0,1.0,80.0,,,,,
1200.01,EAudioMood::Action,1.0,1.0,80.0,,,,,
1200.0,EAudioMood::Calm,0.0,1.0,80.0,,,,,
1200.35,EAudioMood::Action,1.0,1.0,80.0,,,,,
1200.0,EAudioMood::Tense,0.0,1.0,80.0,,,,,
1093.31,EAudioMood::Tense,1.0,1.0,80.0,,,,,
362.81,EAudioMood::Tense,0.0,1.0,80.0,,,,,
52.5,EAudioMood::Calm,1.0,0.0,80.0,,,,,
0.0,EAudioMood::Calm,0.0,0.0,80.0,,,,,
68.83,EAudioMood::Calm,1.0,0.0,80.0,,,,,
0.0,EAudioMood::Calm,0.0,0.0,80.0,,,,,
323.2,EAudioMood::Calm,1.0,0.0,80.0,,,,,
600.0,EAudioMood::Calm,0.0,0.0,80.0,,,,,
669.71,EAudioMood::Calm,1.0,0.0,60.0,,,,,
1200.0,EAudioMood::Tense,0.0,1.0,60.0,,,,,
1200.0,EAudioMood::Tense,0.0,1.0,60.0,,,,,
1253.65,EAudioMood::Tense,1.0,1.0,60.0,,,,,
1200.0,EAudioMood::Tense,0.0,1.0,60.0,,,,,
1215.34,EAudioMood::Tense,1.0,1.0,60.0,,,,,
1200.0,EAudioMood::Tense,0.0,1.0,60.0,,,,,
1099.05,EAudioMood::Tense,1.0,1.0,60.0,,,,,
1253.99,EAudioMood::Tense,1.0,1.0,60.0,,,,,
1195.25,EAudioMood::Tense,1.0,1.0,60.0,,,,,
1200.0,EAudioMood::Tense,0.0,1.0,60.0,,,,,
600.0,EAudioMood::Calm,0.0,0.0,60.0,,,,,
600.0,EAudioMood::Calm,0.0,0.0,60.0,,,,,
1213.9,EAudioMood::Tense,1.0,1.0,60.0,,,,,
1260.96,EAudioMood::Tense,1.0,1.0,60.0,,,,,
1218.04,EAudioMood::Tense,1.0,1.0,60.0,,,,,
1212.69,EAudioMood::Tense,1.0,1.0,60.0,,,,,
886.95,EAudioMood::Tense,0.0,1.0,60.0,,,,,
1247.1,EAudioMood::Tense,1.0,1.0,60.0,,,,,
1200.0,EAudioMood::Tense,0.0,1.0,60.0,,,,,
600.0,EAudioMood::Action,0.0,0.0,40.0,,,,,
600.0,EAudioMood::Action,0.0,0.0,40.0,,,,,
1200.0,EAudioMood::Action,0.0,1.0,40.0,,,,,
1202.47,EAudioMood::Action,1.0,1.0,40.0,,,,,
1205.77,EAudioMood::Action,1.0,1.0,40.0,,,,,
1200.0,EAudioMood::Action,0.0,1.0,40.0,,,,,
1200.86,EAudioMood::Action,1.0,1.0,40.0,,,,,
1200.0,EAudioMood::Action,0.0,1.0,40.0,,,,,
600.0,EAudioMood::Action,0.0,0.0,40.0,,,,,
600.0,EAudioMood::Action,0.0,0.0,40.0,,,,,
1200.0,EAudioMood::Action,0.0,1.0,40.0,,,,,
1212.69,EAudioMood::Action,1.0,1.0,40.0,,,,,
996.97,EAudioMood::Action,0.0,1.0,40.0,,,,,
1210.6,EAudioMood::Action,1.0,1.0,40.0,,,,,
1173.21,EAudioMood::Action,0.0,1.0,40.0,,,,,
1150.26,EAudioMood::Action,0.0,1.0,20.0,,,,,
1218.04,EAudioMood::Action,1.0,1.0,20.0,,,,,
600.0,EAudioMood::Action,0.0,0.0,20.0,,,,,
1200.0,EAudioMood::Action,0.0,1.0,20.0,,,,,
1200.0,EAudioMood::Action,0.0,1.0,20.0,,,,,
1251.31,EAudioMood::Action,1.0,1.0,20.0,,,,,
1200.0,EAudioMood::Action,0.0,1.0,20.0,,,,,
1200.18,EAudioMood::Action,1.0,1.0,20.0,,,,,
1271.77,EAudioMood::Action,1.0,1.0,20.0,,,,,
1227.14,EAudioMood::Action,1.0,1.0,20.0,,,,,
1200.0,EAudioMood::Action,0.0,1.0,20.0,,,,,
816.22,EAudioMood::Action,0.0,1.0,20.0,,,,,
600.0,EAudioMood::Action,0.0,0.0,20.0,,,,,
602.4,EAudioMood::Action,1.0,0.0,20.0,,,,,
350.7,EAudioMood::Action,1.0,0.0,20.0,,,,,
0.0,EAudioMood::Calm,0.0,0.0,100.0,,,,,
0.0,EAudioMood::Calm,0.0,0.0,100.0,,,,,
600.0,EAudioMood::Calm,0.0,0.0,100.0,,,,,
600.0,EAudioMood::Calm,0.0,0.0,100.0,,,,,
1200.0,EAudioMood::Tense,0.0,1.0,100.0,,,,,
1263.86,EAudioMood::Tense,1.0,1.0,100.0,,,,,
1208.55,EAudioMood::Tense,1.0,1.0,100.0,,,,,
1200.33,EAudioMood::Tense,1.0,1.0,100.0,,,,,
1211.54,EAudioMood::Tense,1.0,1.0,100.0,,,,,
1174.79,EAudioMood::Tense,1.0,1.0,100.0,,,,,
1256.04,EAudioMood::Tense,1.0,1.0,100.0,,,,,
1200.0,EAudioMood::Tense,0.0,1.0,100.0,,,,,
1252.95,EAudioMood::Tense,1.0,1.0,100.0,,,,,
1222.48,EAudioMood::Tense,1.0,1.0,100.0,,,,,
1181.19,EAudioMood::Tense,1.0,1.0,100.0,,,,,
1067.6,EAudioMood::Tense,1.0,1.0,100.0,,,,,
947.89,EAudioMood::Tense,1.0,1.0,100.0,,,,,
1200.0,EAudioMood::Tense,0.0,1.0,100.0,,,,,
1200.0,EAudioMood::Tense,0.0,1.0,100.0,,,,,
1200.0,EAudioMood::Tense,0.0,1.0,100.0,,,,,
1203.62,EAudioMood::Tense,1.0,1.0,100.0,,,,,
600.0,EAudioMood::Calm,0.0,0.0,100.0,,,,,
0.0,EAudioMood::Calm,0.0,0.0,100.0,,,,,
208.84,EAudioMood::Calm,1.0,0.0,100.0,,,,,
68.83,EAudioMood::Calm,1.0,0.0,100.0,,,,,
600.0,EAudioMood::Calm,0.0,0.0,100.0,,,,,
600.0,EAudioMood::Calm,0.0,0.0,100.0,,,,,
53.67,EAudioMood::Calm,1.0,0.0,100.0,,,,,
94.55,EAudioMood::Calm,1.0,0.0,100.0,,,,,
102.67,EAudioMood::Calm,1.0,0.0,100.0,,,,,
600.0,EAudioMood::Calm,0.0,0.0,100.0,,,,,
600.0,EAudioMood::Calm,0.0,0.0,100.0,,,,,
217.01,EAudioMood::Calm,1.0,0.0,100.0,,,,,
192.51,EAudioMood::Calm,1.0,0.0,100.0,,,,,
1200.0,EAudioMood::Tense,0.0,1.0,100.0,,,,,
1200.0,EAudioMood::Tense,0.0,1.0,100.0,,,,,
1200.0,EAudioMood::Tense,0.0,1.0,100.0,,,,,
1200.0,EAudioMood::Tense,0.0,1.0,100.0,,,,,
1212.69,EAudioMood::Tense,1.0,1.0,100.0,,,,,
1200.0,EAudioMood::Tense,0.0,1.0,100.0,,,,,
1200.0,EAudioMood::Tense,0.0,1.0,100.0,,,,,
600.0,EAudioMood::Calm,0.0,0.0,100.0,,,,,
1200.0,EAudioMood::Tense,0.0,1.0,100.0,,,,,
1200.0,EAudioMood::Tense,0.0,1.0,80.0,,,,,
1201.15,EAudioMood::Tense,1.0,1.0,80.0,,,,,
1197.26,EAudioMood::Tense,1.0,1.0,80.0,,,,,
600.0,EAudioMood::Calm,0.0,0.0,80.0,,,,,
600.0,EAudioMood::Calm,0.0,0.0,80.0,,,,,
0.0,EAudioMood::Calm,0.0,0.0,80.0,,,,,
600.0,EAudioMood::Calm,0.0,0.0,80.0,,,,,
600.0,EAudioMood::Calm,0.0,0.0,80.0,,,,,
600.0,EAudioMood::Calm,0.0,0.0,80.0,,,,,
1200.0,EAudioMood::Tense,0.0,1.0,80.0,,,,,
1211.7,EAudioMood::Tense,1.0,1.0,80.0,,,,,
1213.9,EAudioMood::Tense,1.0,1.0,80.0,,,,,
1200.0,EAudioMood::Tense,0.0,1.0,80.0,,,,,
1218.04,EAudioMood::Tense,1.0,1.0,80.0,,,,,
1200.0,EAudioMood::Tense,0.0,1.0,80.0,,,,,
1200.0,EAudioMood::Tense,0.0,1.0,80.0,,,,,
1200.01,EAudioMood::Tense,1.0,1.0,80.0,,,,,
1210.44,EAudioMood::Tense,1.0,1.0,80.0,,,,,
1200.0,EAudioMood::Calm,0.0,1.0,80.0,,,,,
1200.0,EAudioMood::Tense,0.0,1.0,80.0,,,,,
1240.36,EAudioMood::Tense,1.0,1.0,80.0,,,,,
1200.0,EAudioMood::Tense,0.0,1.0,80.0,,,,,
600.0,EAudioMood::Calm,0.0,0.0,80.0,,,,,
1200.0,EAudioMood::Tense,0.0,1.0,80.0,,,,,
1200.0,EAudioMood::Tense,0.0,1.0,80.0,,,,,
1244.9,EAudioMood::Tense,1.0,1.0,60.0,,,,,
1200.0,EAudioMood::Tense,0.0,1.0,60.0,,,,,
1217.84,EAudioMood::Tense,1.0,1.0,60.0,,,,,
1200.0,EAudioMood::Tense,0.0,1.0,60.0,,,,,
1201.59,EAudioMood::Tense,1.0,1.0,60.0,,,,,
1204.28,EAudioMood::Tense,1.0,1.0,60.0,,,,,
600.0,EAudioMood::Calm,0.0,0.0,60.0,,,,,
706.06,EAudioMood::Calm,1.0,0.0,60.0,,,,,
615.07,EAudioMood::Calm,1.0,0.0,60.0,,,,,
649.42,EAudioMood::Calm,1.0,0.0,60.0,,,,,
600.0,EAudioMood::Calm,0.0,0.0,60.0,,,,,
666.63,EAudioMood::Calm,1.0,0.0,60.0,,,,,
1200.0,EAudioMood::Tense,0.0,1.0,60.0,,,,,
1222.25,EAudioMood::Tense,1.0,1.0,60.0,,,,,
600.0,EAudioMood::Calm,0.0,0.0,60.0,,,,,
600.0,EAudioMood::Calm,0.0,0.0,60.0,,,,,
640.86,EAudioMood::Calm,1.0,0.0,60.0,,,,,
1200.0,EAudioMood::Tense,0.0,1.0,60.0,,,,,
1200.0,EAudioMood::Tense,0.0,1.0,60.0,,,,,
1203.1,EAudioMood::Calm,1.0,0.0,60.0,,,,,
600.0,EAudioMood::Calm,0.0,0.0,60.0,,,,,
600.0,EAudioMood::Calm,0.0,0.0,60.0,,,,,
1200.0,EAudioMood::Tense,0.0,1.0,60.0,,,,,
600.0,EAudioMood::Calm,0.0,0.0,60.0,,,,,
600.0,EAudioMood::Calm,0.0,0.0,60.0,,,,,
600.0,EAudioMood::Calm,0.0,0.0,60.0,,,,,
600.0,EAudioMood::Calm,0.0,0.0,60.0,,,,,
1219.66,EAudioMood::Tense,1.0,1.0,60.0,,,,,
600.0,EAudioMood::Calm,0.0,0.0,60.0,,,,,
600.0,EAudioMood::Calm,0.0,0.0,60.0,,,,,
0.0,EAudioMood::Calm,0.0,0.0,60.0,,,,,
606.01,EAudioMood::Calm,1.0,0.0,60.0,,,,,
637.64,EAudioMood::Action,1.0,0.0,40.0,,,,,
600.0,EAudioMood::Action,0.0,0.0,40.0,,,,,
600.0,EAudioMood::Action,0.0,0.0,40.0,,,,,
600.0,EAudioMood::Action,0.0,0.0,40.0,,,,,
600.0,EAudioMood::Action,0.0,0.0,40.0,,,,,
610.15,EAudioMood::Action,1.0,0.0,40.0,,,,,
600.0,EAudioMood::Action,0.0,0.0,40.0,,,,,
719.27,EAudioMood::Action,1.0,0.0,40.0,,,,,
710.39,EAudioMood::Action,1.0,0.0,40.0,,,,,
1200.0,EAudioMood::Action,0.0,1.0,40.0,,,,,
1200.0,EAudioMood::Action,0.0,1.0,40.0,,,,,
1200.0,EAudioMood::Action,0.0,1.0,40.0,,,,,
600.0,EAudioMood::Action,0.0,0.0,40.0,,,,,
1200.0,EAudioMood::Action,0.0,1.0,40.0,,,,,
1200.0,EAudioMood::Action,0.0,1.0,40.0,,,,,
1200.0,EAudioMood::Action,0.0,1.0,40.0,,,,,
1137.81,EAudioMood::Action,0.0,1.0,20.0,,,,,
1200.0,EAudioMood::Action,0.0,1.0,20.0,,,,,
1200.0,EAudioMood::Action,0.0,1.0,20.0,,,,,
1202.04,EAudioMood::Action,1.0,1.0,20.0,,,,,
1246.78,EAudioMood::Action,1.0,1.0,20.0,,,,,
1200.0,EAudioMood::Action,0.0,1.0,20.0,,,,,
1212.86,EAudioMood::Action,1.0,1.0,20.0,,,,,
1104.95,EAudioMood::Action,0.0,1.0,20.0,,,,,
486.62,EAudioMood::Action,0.0,1.0,20.0,,,,,
1215.34,EAudioMood::Action,1.0,1.0,20.0,,,,,
1211.54,EAudioMood::Action,1.0,1.0,20.0,,,,,
1263.5,EAudioMood::Action,1.0,1.0,20.0,,,,,
1238.61,EAudioMood::Action,1.0,0.0,20.0,,,,,
600.0,EAudioMood::Calm,0.0,0.0,100.0,,,,,
1200.0,EAudioMood::Tense,0.0,1.0,100.0,,,,,
1200.0,EAudioMood::Tense,0.0,1.0,100.0,,,,,
1200.0,EAudioMood::Tense,0.0,1.0,100.0,,,,,
1204.28,EAudioMood::Tense,1.0,1.0,100.0,,,,,
1207.48,EAudioMood::Tense,1.0,1.0,100.0,,,,,
1236.33,EAudioMood::Tense,1.0,1.0,100.0,,,,,
1100.68,EAudioMood::Tense,0.0,1.0,100.0,,,,,
1200.0,EAudioMood::Tense,0.0,1.0,100.0,,,,,
1200.01,EAudioMood::Tense,1.0,1.0,100.0,,,,,
1200.0,EAudioMood::Tense,0.0,1.0,100.0,,,,,
1200.0,EAudioMood::Tense,0.0,1.0,100.0,,,,,
1224.06,EAudioMood::Tense,1.0,1.0,100.0,,,,,
600.0,EAudioMood::Calm,0.0,0.0,100.0,,,,,
770.67,EAudioMood::Tense,0.0,1.0,100.0,,,,,
1242.45,EAudioMood::Tense,1.0,1.0,100.0,,,,,
1201.97,EAudioMood::Tense,1.0,1.0,100.0,,,,,
1200.0,EAudioMood::Tense,0.0,1.0,100.0,,,,,
1200.0,EAudioMood::Tense,0.0,1.0,100.0,,,,,
600.0,EAudioMood::Calm,0.0,0.0,100.0,,,,,
600.0,EAudioMood::Calm,0.0,0.0,100.0,,,,,
600.0,EAudioMood::Calm,0.0,0.0,100.0,,,,,
659.19,EAudioMood::Calm,1.0,0.0,100.0,,,,,
896.85,EAudioMood::Tense,0.0,1.0,100.0,,,,,
1200.0,EAudioMood::Tense,0.0,1.0,100.0,,,,,
1200.0,EAudioMood::Tense,0.0,1.0,100.0,,,,,
1203.72,EAudioMood::Tense,1.0,1.0,100.0,,,,,
1207.34,EAudioMood::Tense,1.0,1.0,100.0,,,,,
600.0,EAudioMood::Calm,0.0,0.0,100.0,,,,,
718.62,EAudioMood::Calm,1.0,0.0,100.0,,,,,
701.79,EAudioMood::Calm,1.0,0.0,100.0,,,,,
600.0,EAudioMood::Calm,0.0,0.0,100.0,,,,,
600.0,EAudioMood::Calm,0.0,0.0,80.0,,,,,
1203.62,EAudioMood::Tense,1.0,1.0,80.0,,,,,
783.94,EAudioMood::Calm,0.0,0.0,80.0,,,,,
600.0,EAudioMood::Calm,0.0,0.0,60.0,,,,,
1200.0,EAudioMood::Tense,0.0,1.0,60.0,,,,,
699.33,EAudioMood::Tense,0.0,1.0,60.0,,,,,
1200.33,EAudioMood::Tense,1.0,1.0,60.0,,,,,
1200.0,EAudioMood::Tense,0.0,1.0,60.0,,,,,
1229.13,EAudioMood::Tense,1.0,1.0,60.0,,,,,
1210.44,EAudioMood::Tense,1.0,1.0,60.0,,,,,
1200.0,EAudioMood::Tense,0.0,1.0,60.0,,,,,
1200.0,EAudioMood::Tense,0.0,1.0,60.0,,,,,
1247.1,EAudioMood::Tense,1.0,1.0,60.0,,,,,
600.0,EAudioMood::Calm,0.0,0.0,60.0,,,,,
600.0,EAudioMood::Calm,0.0,0.0,60.0,,,,,
1200.0,EAudioMood::Tense,0.0,1.0,60.0,,,,,
1200.0,EAudioMood::Tense,0.0,1.0,60.0,,,,,
1200.0,EAudioMood::Tense,0.0,1.0,60.0,,,,,
1219.26,EAudioMood::Tense,1.0,1.0,60.0,,,,,
1200.0,EAudioMood::Tense,0.0,1.0,60.0,,,,,
1220.94,EAudioMood::Calm,1.0,0.0,60.0,,,,,
600.0,EAudioMood::Calm,0.0,0.0,60.0,,,,,
600.0,EAudioMood::Calm,0.0,0.0,60.0,,,,,
1216.66,EAudioMood::Calm,1.0,0.0,60.0,,,,,
600.0,EAudioMood::Action,0.0,0.0,60.0,,,,,
600.0,EAudioMood::Action,0.0,0.0,60.0,,,,,
1200.0,EAudioMood::Tense,0.0,1.0,60.0,,,,,
600.0,EAudioMood::Calm,0.0,0.0,60.0,,,,,
620.62,EAudioMood::Action,1.0,0.0,60.0,,,,,
635.31,EAudioMood::Action,1.0,0.0,60.0,,,,,
696.98,EAudioMood::Action,1.0,0.0,60.0,,,,,
706.06,EAudioMood::Action,1.0,0.0,60.0,,,,,
600.0,EAudioMood::Calm,0.0,0.0,60.0,,,,,
701.78,EAudioMood::Calm,1.0,0.0,60.0,,,,,
608.72,EAudioMood::Action,1.0,0.0,40.0,,,,,
1200.0,EAudioMood::Action,0.0,1.0,40.0,,,,,
1266.08,EAudioMood::Action,1.0,1.0,40.0,,,,,
1238.61,EAudioMood::Action,1.0,1.0,40.0,,,,,
1202.04,EAudioMood::Action,1.0,1.0,40.0,,,,,
1200.0,EAudioMood::Action,0.0,1.0,40.0,,,,,
1201.15,EAudioMood::Action,1.0,1.0,40.0,,,,,
1200.0,EAudioMood::Action,0.0,1.0,40.0,,,,,
1200.0,EAudioMood::Action,0.0,1.0,40.0,,,,,
600.0,EAudioMood::Action,0.0,0.0,40.0,,,,,
1129.07,EAudioMood::Action,0.0,1.0,40.0,,,,,
1200.0,EAudioMood::Action,0.0,1.0,40.0,,,,,
600.0,EAudioMood::Action,0.0,0.0,40.0,,,,,
693.45,EAudioMood::Action,1.0,0.0,40.0,,,,,
1200.0,EAudioMood::Action,0.0,1.0,40.0,,,,,
1202.47,EAudioMood::Action,1.0,1.0,40.0,,,,,
600.0,EAudioMood::Action,0.0,0.0,40.0,,,,,
600.0,EAudioMood::Action,0.0,0.0,40.0,,,,,
668.25,EAudioMood::Action,0.0,1.0,40.0,,,,,
1213.9,EAudioMood::Action,1.0,1.0,40.0,,,,,
1200.0,EAudioMood::Action,0.0,1.0,40.0,,,,,
600.0,EAudioMood::Action,0.0,0.0,40.0,,,,,
600.0,EAudioMood::Action,0.0,0.0,40.0,,,,,
910.72,EAudioMood::Action,0.0,1.0,20.0,,,,,
1200.0,EAudioMood::Action,0.0,1.0,20.0,,,,,
1200.86,EAudioMood::Action,1.0,1.0,20.0,,,,,
1200.0,EAudioMood::Action,0.0,1.0,20.0,,,,,
1224.06,EAudioMood::Action,1.0,1.0,20.0,,,,,
1206.6,EAudioMood::Action,1.0,1.0,20.0,,,,,
1200.0,EAudioMood::Action,0.0,1.0,20.0,,,,,
1203.72,EAudioMood::Action,1.0,1.0,20.0,,,,,
1200.0,EAudioMood::Action,0.0,1.0,20.0,,,,,
1200.0,EAudioMood::Action,0.0,1.0,20.0,,,,,
1200.0,EAudioMood::Action,0.0,1.0,20.0,,,,,
1205.77,EAudioMood::Action,1.0,1.0,20.0,,,,,
1130.88,EAudioMood::Action,0.0,1.0,20.0,,,,,
1200.0,EAudioMood::Action,0.0,1.0,20.0,,,,,
1203.72,EAudioMood::Action,1.0,1.0,20.0,,,,,
1207.48,EAudioMood::Action,1.0,1.0,20.0,,,,,
600.0,EAudioMood::Action,0.0,0.0,20.0,,,,,
600.0,EAudioMood::Action,0.0,0.0,20.0,,,,,
701.75,EAudioMood::Action,1.0,0.0,20.0,,,,,
607.4,EAudioMood::Action,1.0,0.0,20.0,,,,,
614.82,EAudioMood::Action,1.0,0.0,20.0,,,,,
477.84,EAudioMood::Action,0.0,0.0,20.0,,,,,
697.58,EAudioMood::Action,1.0,0.0,20.0,,,,,
625.33,EAudioMood::Action,1.0,0.0,20.0,,,,,
611.46,EAudioMood::Action,1.0,0.0,20.0,,,,,
634.92,EAudioMood::Action,1.0,0.0,20.0,,,,,
0.0,EAudioMood::Calm,0.0,0.0,100.0,,,,,
1200.0,EAudioMood::Tense,0.0,1.0,100.0,,,,,
1200.0,EAudioMood::Tense,0.0,1.0,100.0,,,,,
1208.41,EAudioMood::Tense,1.0,1.0,100.0,,,,,
1200.0,EAudioMood::Tense,0.0,1.0,100.0,,,,,
1200.0,EAudioMood::Tense,0.0,1.0,100.0,,,,,
1200.0,EAudioMood::Tense,0.0,1.0,100.0,,,,,
1200.0,EAudioMood::Tense,0.0,1.0,100.0,,,,,
1200.0,EAudioMood::Tense,0.0,1.0,100.0,,,,,
1220.55,EAudioMood::Tense,1.0,1.0,100.0,,,,,
1200.0,EAudioMood::Tense,0.0,1.0,100.0,,,,,
1200.0,EAudioMood::Tense,0.0,1.0,100.0,,,,,
1216.47,EAudioMood::Tense,1.0,1.0,100.0,,,,,
892.65,EAudioMood::Tense,0.0,1.0,100.0,,,,,
1200.0,EAudioMood::Tense,0.0,1.0,100.0,,,,,
1059.34,EAudioMood::Tense,0.0,1.0,100.0,,,,,
1230.92,EAudioMood::Tense,1.0,1.0,100.0,,,,,
1211.54,EAudioMood::Action,1.0,1.0,100.0,,,,,
1214.08,EAudioMood::Action,1.0,1.0,100.0,,,,,
1200.0,EAudioMood::Action,0.0,1.0,100.0,,,,,
1253.93,EAudioMood::Action,1.0,1.0,100.0,,,,,
1220.73,EAudioMood::Action,1.0,1.0,100.0,,,,,
813.24,EAudioMood::Action,0.0,1.0,100.0,,,,,
1244.59,EAudioMood::Action,1.0,1.0,100.0,,,,,
1213.89,EAudioMood::Calm,1.0,1.0,80.0,,,,,
1238.61,EAudioMood::Calm,1.0,0.0,80.0,,,,,
1200.0,EAudioMood::Tense,0.0,1.0,80.0,,,,,
1251.31,EAudioMood::Tense,1.0,1.0,80.0,,,,,
1266.45,EAudioMood::Tense,1.0,1.0,80.0,,,,,
1001.29,EAudioMood::Tense,1.0,1.0,80.0,,,,,
1215.16,EAudioMood::Tense,1.0,1.0,80.0,,,,,
1268.7,EAudioMood::Tense,1.0,1.0,80.0,,,,,
1143.41,EAudioMood::Tense,0.0,1.0,80.0,,,,,
921.98,EAudioMood::Tense,1.0,1.0,80.0,,,,,
1200.0,EAudioMood::Tense,0.0,1.0,80.0,,,,,
600.0,EAudioMood::Calm,0.0,0.0,80.0,,,,,
1200.0,EAudioMood::Tense,0.0,1.0,80.0,,,,,
1100.34,EAudioMood::Tense,1.0,1.0,80.0,,,,,
1181.79,EAudioMood::Tense,1.0,1.0,80.0,,,,,
1201.59,EAudioMood::Calm,1.0,0.0,80.0,,,,,
668.26,EAudioMood::Tense,0.0,1.0,80.0,,,,,
1200.0,EAudioMood::Tense,0.0,1.0,80.0,,,,,
600.0,EAudioMood::Calm,0.0,0.0,80.0,,,,,
1200.0,EAudioMood::Tense,0.0,1.0,80.0,,,,,
1209.55,EAudioMood::Tense,1.0,1.0,80.0,,,,,
1203.62,EAudioMood::Tense,1.0,1.0,80.0,,,,,
600.0,EAudioMood::Calm,0.0,0.0,80.0,,,,,
600.0,EAudioMood::Action,0.0,0.0,80.0,,,,,
600.0,EAudioMood::Action,0.0,0.0,80.0,,,,,
600.0,EAudioMood::Action,0.0,0.0,80.0,,,,,
600.0,EAudioMood::Action,0.0,0.0,80.0,,,,,
606.15,EAudioMood::Action,1.0,0.0,80.0,,,,,
437.41,EAudioMood::Action,1.0,0.0,80.0,,,,,
601.16,EAudioMood::Action,1.0,0.0,80.0,,,,,
600.0,EAudioMood::Action,0.0,0.0,80.0,,,,,
600.0,EAudioMood::Action,0.0,0.0,80.0,,,,,
1200.0,EAudioMood::Tense,0.0,1.0,80.0,,,,,
1200.0,EAudioMood::Tense,0.0,1.0,80.0,,,,,
670.23,EAudioMood::Calm,1.0,0.0,60.0,,,,,
1200.0,EAudioMood::Tense,0.0,1.0,60.0,,,,,
1200.0,EAudioMood::Tense,0.0,1.0,60.0,,,,,
1200.0,EAudioMood::Tense,0.0,1.0,60.0,,,,,
1256.39,EAudioMood::Tense,1.0,1.0,60.0,,,,,
1200.0,EAudioMood::Tense,0.0,1.0,60.0,,,,,
1227.14,EAudioMood::Tense,1.0,1.0,60.0,,,,,
600.0,EAudioMood::Action,0.0,0.0,60.0,,,,,
600.0,EAudioMood::Action,0.0,0.0,60.0,,,,,
600.0,EAudioMood::Action,0.0,0.0,60.0,,,,,
600.0,EAudioMood::Action,0.0,0.0,60.0,,,,,
600.0,EAudioMood::Action,0.0,0.0,60.0,,,,,
0.0,EAudioMood::Action,0.0,0.0,60.0,,,,,
0.0,EAudioMood::Action,0.0,0.0,60.0,,,,,
0.0,EAudioMood::Action,0.0,0.0,60.0,,,,,
0.0,EAudioMood::Action,0.0,0.0,60.0,,,,,
0.0,EAudioMood::Action,0.0,0.0,60.0,,,,,
0.0,EAudioMood::Action,0.0,0.0,60.0,,,,,
0.0,EAudioMood::Action,0.0,0.0,60.0,,,,,
0.0,EAudioMood::Action,0.0,0.0,60.0,,,,,
0.0,EAudioMood::Action,0.0,0.0,60.0,,,,,
0.0,EAudioMood::Action,0.0,0.0,60.0,,,,,
0.0,EAudioMood::Action,0.0,0.0,60.0,,,,,
0.0,EAudioMood::Action,0.0,0.0,60.0,,,,,
0.0,EAudioMood::Action,0.0,0.0,60.0,,,,,
0.0,EAudioMood::Action,0.0,0.0,60.0,,,,,
0.0,EAudioMood::Action,0.0,0.0,60.0,,,,,
0.0,EAudioMood::Action,0.0,0.0,60.0,,,,,
0.0,EAudioMood::Action,0.0,0.0,60.0,,,,,
0.0,EAudioMood::Action,0.0,0.0,60.0,,,,,
0.0,EAudioMood::Action,0.0,0.0,60.0,,,,,
0.0,EAudioMood::Action,0.0,0.0,60.0,,,,,
0.0,EAudioMood::Action,0.0,0.0,60.0,,,,,
600.0,EAudioMood::Action,0.0,0.0,60.0,,,,,
600.0,EAudioMood::Calm,0.0,0.0,60.0,,,,,
1200.0,EAudioMood::Tense,0.0,1.0,60.0,,,,,
1200.0,EAudioMood::Tense,0.0,1.0,60.0,,,,,
1206.6,EAudioMood::Tense,1.0,1.0,60.0,,,,,
1208.55,EAudioMood::Tense,1.0,1.0,60.0,,,,,
228.78,EAudioMood::Tense,1.0,1.0,60.0,,,,,
697.39,EAudioMood::Tense,1.0,1.0,60.0,,,,,
1218.04,EAudioMood::Tense,1.0,1.0,60.0,,,,,
1238.32,EAudioMood::Tense,1.0,1.0,60.0,,,,,
1170.36,EAudioMood::Tense,1.0,1.0,60.0,,,,,
1258.83,EAudioMood::Tense,1.0,1.0,60.0,,,,,
1214.08,EAudioMood::Tense,1.0,1.0,60.0,,,,,
1210.44,EAudioMood::Tense,1.0,1.0,60.0,,,,,
1010.06,EAudioMood::Tense,1.0,1.0,60.0,,,,,
1200.0,EAudioMood::Tense,0.0,1.0,60.0,,,,,
1220.73,EAudioMood::Tense,1.0,1.0,60.0,,,,,
768.82,EAudioMood::Tense,0.0,1.0,60.0,,,,,
1238.61,EAudioMood::Tense,1.0,1.0,60.0,,,,,
1200.06,EAudioMood::Tense,1.0,1.0,60.0,,,,,
1215.16,EAudioMood::Tense,1.0,1.0,60.0,,,,,
0.0,EAudioMood::Calm,0.0,0.0,60.0,,,,,
0.0,EAudioMood::Calm,0.0,0.0,100.0,,,,,
600.0,EAudioMood::Calm,0.0,0.0,100.0,,,,,
1200.0,EAudioMood::Tense,0.0,1.0,100.0,,,,,
1200.0,EAudioMood::Tense,0.0,1.0,100.0,,,,,
1200.0,EAudioMood::Tense,0.0,1.0,100.0,,,,,
1200.0,EAudioMood::Tense,0.0,1.0,100.0,,,,,
600.0,EAudioMood::Calm,0.0,0.0,100.0,,,,,
1230.66,EAudioMood::Tense,1.0,1.0,100.0,,,,,
1266.08,EAudioMood::Tense,1.0,1.0,100.0,,,,,
1094.95,EAudioMood::Tense,1.0,1.0,100.0,,,,,
1200.0,EAudioMood::Tense,0.0,1.0,100.0,,,,,
1207.48,EAudioMood::Tense,1.0,1.0,100.0,,,,,
1225.7,EAudioMood::Tense,1.0,1.0,100.0,,,,,
1221.28,EAudioMood::Tense,1.0,1.0,100.0,,,,,
1204.28,EAudioMood::Tense,1.0,1.0,100.0,,,,,
600.0,EAudioMood::Calm,0.0,0.0,100.0,,,,,
600.0,EAudioMood::Calm,0.0,0.0,100.0,,,,,
1234.39,EAudioMood::Tense,1.0,1.0,100.0,,,,,
600.0,EAudioMood::Calm,0.0,0.0,100.0,,,,,
677.12,EAudioMood::Calm,1.0,0.0,100.0,,,,,
1200.0,EAudioMood::Tense,0.0,1.0,100.0,,,,,
1200.0,EAudioMood::Tense,0.0,1.0,100.0,,,,,
600.0,EAudioMood::Calm,0.0,0.0,100.0,,,,,
600.0,EAudioMood::Calm,0.0,0.0,100.0,,,,,
714.81,EAudioMood::Action,1.0,0.0,100.0,,,,,
600.0,EAudioMood::Action,0.0,0.0,100.0,,,,,
723.15,EAudioMood::Action,1.0,0.0,100.0,,,,,
600.0,EAudioMood::Action,0.0,0.0,100.0,,,,,
655.85,EAudioMood::Action,1.0,0.0,100.0,,,,,
600.0,EAudioMood::Action,0.0,0.0,100.0,,,,,
640.45,EAudioMood::Action,1.0,0.0,100.0,,,,,
727.74,EAudioMood::Action,1.0,0.0,100.0,,,,,
600.65,EAudioMood::Action,1.0,0.0,100.0,,,,,
611.69,EAudioMood::Calm,1.0,0.0,100.0,,,,,
1200.0,EAudioMood::Tense,0.0,1.0,100.0,,,,,
1200.35,EAudioMood::Tense,1.0,1.0,100.0,,,,,
600.0,EAudioMood::Calm,0.0,0.0,100.0,,,,,
600.0,EAudioMood::Calm,0.0,0.0,100.0,,,,,
600.0,EAudioMood::Calm,0.0,0.0,80.0,,,,,
1200.0,EAudioMood::Tense,0.0,1.0,80.0,,,,,
1200.0,EAudioMood::Tense,0.0,1.0,80.0,,,,,
1200.0,EAudioMood::Tense,0.0,1.0,80.0,,,,,
1200.0,EAudioMood::Tense,0.0,1.0,80.0,,,,,
1202.54,EAudioMood::Tense,1.0,1.0,80.0,,,,,
1200.0,EAudioMood::Tense,0.0,1.0,80.0,,,,,
1200.0,EAudioMood::Tense,0.0,1.0,80.0,,,,,
600.0,EAudioMood::Calm,0.0,0.0,80.0,,,,,
1200.0,EAudioMood::Tense,0.0,1.0,80.0,,,,,
1200.0,EAudioMood::Tense,0.0,1.0,80.0,,,,,
1199.96,EAudioMood::Tense,0.0,1.0,80.0,,,,,
1200.0,EAudioMood::Tense,0.0,1.0,80.0,,,,,
600.0,EAudioMood::Calm,0.0,0.0,80.0,,,,,
1200.0,EAudioMood::Tense,0.0,1.0,80.0,,,,,
1203.02,EAudioMood::Tense,1.0,1.0,80.0,,,,,
1200.0,EAudioMood::Tense,0.0,1.0,80.0,,,,,
1247.1,EAudioMood::Tense,1.0,1.0,80.0,,,,,
1193.36,EAudioMood::Tense,1.0,1.0,80.0,,,,,
1240.36,EAudioMood::Tense,1.0,1.0,80.0,,,,,
615.96,EAudioMood::Tense,0.0,1.0,80.0,,,,,
1228.88,EAudioMood::Tense,1.0,1.0,80.0,,,,,
1269.08,EAudioMood::Action,1.0,0.0,80.0,,,,,
600.0,EAudioMood::Action,0.0,0.0,80.0,,,,,
601.09,EAudioMood::Action,1.0,0.0,80.0,,,,,
600.0,EAudioMood::Action,0.0,0.0,80.0,,,,,
613.33,EAudioMood::Action,1.0,0.0,80.0,,,,,
602.29,EAudioMood::Action,1.0,0.0,80.0,,,,,
714.16,EAudioMood::Action,1.0,0.0,80.0,,,,,
1200.0,EAudioMood::Tense,0.0,1.0,80.0,,,,,
1228.88,EAudioMood::Tense,1.0,1.0,80.0,,,,,
1200.0,EAudioMood::Tense,0.0,1.0,80.0,,,,,
1200.0,EAudioMood::Tense,0.0,1.0,80.0,,,,,
1227.39,EAudioMood::Tense,1.0,1.0,80.0,,,,,
1251.65,EAudioMood::Tense,1.0,1.0,80.0,,,,,
1200.0,EAudioMood::Tense,0.0,1.0,60.0,,,,,
1204.5,EAudioMood::Tense,1.0,1.0,60.0,,,,,
495.17,EAudioMood::Tense,0.0,1.0,60.0,,,,,
1200.35,EAudioMood::Tense,1.0,1.0,60.0,,,,,
1200.0,EAudioMood::Tense,0.0,1.0,60.0,,,,,
1227.14,EAudioMood::Tense,1.0,1.0,60.0,,,,,
1200.0,EAudioMood::Tense,0.0,1.0,60.0,,,,,
1266.08,EAudioMood::Tense,1.0,1.0,60.0,,,,,
600.0,EAudioMood::Calm,0.0,0.0,60.0,,,,,
600.0,EAudioMood::Calm,0.0,0.0,60.0,,,,,
608.52,EAudioMood::Action,1.0,0.0,60.0,,,,,
705.44,EAudioMood::Action,1.0,0.0,60.0,,,,,
701.18,EAudioMood::Action,1.0,0.0,60.0,,,,,
936.79,EAudioMood::Tense,0.0,1.0,60.0,,,,,
1200.0,EAudioMood::Tense,0.0,1.0,60.0,,,,,
600.0,EAudioMood::Calm,0.0,0.0,60.0,,,,,
1200.0,EAudioMood::Tense,0.0,1.0,60.0,,,,,
902.66,EAudioMood::Tense,1.0,1.0,60.0,,,,,
436.6,EAudioMood::Calm,0.0,0.0,60.0,,,,,
600.0,EAudioMood::Action,0.0,0.0,40.0,,,,,
1200.0,EAudioMood::Action,0.0,1.0,40.0,,,,,
1200.82,EAudioMood::Action,1.0,1.0,40.0,,,,,
1251.31,EAudioMood::Action,1.0,1.0,40.0,,,,,
1240.66,EAudioMood::Action,1.0,1.0,40.0,,,,,
1200.0,EAudioMood::Action,0.0,1.0,40.0,,,,,
1266.08,EAudioMood::Action,1.0,1.0,40.0,,,,,
1204.28,EAudioMood::Action,1.0,1.0,40.0,,,,,
1260.96,EAudioMood::Action,1.0,1.0,40.0,,,,,
1225.7,EAudioMood::Action,1.0,0.0,40.0,,,,,
1200.0,EAudioMood::Action,0.0,1.0,40.0,,,,,
600.0,EAudioMood::Action,0.0,0.0,40.0,,,,,
630.13,EAudioMood::Action,1.0,0.0,40.0,,,,,
637.64,EAudioMood::Action,1.0,0.0,40.0,,,,,
688.82,EAudioMood::Action,1.0,0.0,40.0,,,,,
701.78,EAudioMood::Action,1.0,0.0,40.0,,,,,
684.79,EAudioMood::Action,0.0,1.0,40.0,,,,,
1200.06,EAudioMood::Action,1.0,0.0,40.0,,,,,
600.0,EAudioMood::Action,0.0,0.0,40.0,,,,,
669.71,EAudioMood::Action,1.0,0.0,40.0,,,,,
714.16,EAudioMood::Action,1.0,0.0,20.0,,,,,
600.0,EAudioMood::Action,0.0,0.0,20.0,,,,,
673.91,EAudioMood::Action,1.0,0.0,20.0,,,,,
1200.0,EAudioMood::Action,0.0,1.0,20.0,,,,,
1114.81,EAudioMood::Action,0.0,1.0,20.0,,,,,
1223.83,EAudioMood::Action,1.0,1.0,20.0,,,,,
539.57,EAudioMood::Action,0.0,0.0,20.0,,,,,
600.0,EAudioMood::Action,0.0,0.0,20.0,,,,,
1200.0,EAudioMood::Action,0.0,1.0,20.0,,,,,
1200.0,EAudioMood::Action,0.0,1.0,20.0,,,,,
1247.1,EAudioMood::Action,1.0,0.0,20.0,,,,,
627.34,EAudioMood::Action,1.0,0.0,20.0,,,,,
1200.0,EAudioMood::Action,0.0,1.0,20.0,,,,,
1260.96,EAudioMood::Action,1.0,1.0,20.0,,,,,
600.0,EAudioMood::Action,0.0,0.0,20.0,,,,,
600.0,EAudioMood::Action,0.0,0.0,20.0,,,,,
0.0,EAudioMood::Calm,0.0,0.0,100.0,,,,,
600.0,EAudioMood::Calm,0.0,0.0,100.0,,,,,
1200.0,EAudioMood::Tense,0.0,1.0,100.0,,,,,
1200.0,EAudioMood::Tense,0.0,1.0,100.0,,,,,
1200.01,EAudioMood::Tense,1.0,1.0,100.0,,,,,
1234.39,EAudioMood::Tense,1.0,1.0,100.0,,,,,
1206.72,EAudioMood::Tense,1.0,1.0,100.0,,,,,
1090.26,EAudioMood::Tense,1.0,1.0,100.0,,,,,
434.74,EAudioMood::Tense,0.0,1.0,100.0,,,,,
1200.0,EAudioMood::Tense,0.0,1.0,100.0,,,,,
1227.39,EAudioMood::Tense,1.0,1.0,100.0,,,,,
1220.94,EAudioMood::Tense,1.0,1.0,100.0,,,,,
1200.0,EAudioMood::Tense,0.0,1.0,100.0,,,,,
1200.0,EAudioMood::Tense,0.0,1.0,100.0,,,,,
1200.0,EAudioMood::Tense,0.0,1.0,100.0,,,,,
1200.0,EAudioMood::Tense,0.0,1.0,100.0,,,,,
1200.0,EAudioMood::Tense,0.0,1.0,80.0,,,,,
1200.0,EAudioMood::Tense,0.0,1.0,80.0,,,,,
1200.0,EAudioMood::Tense,0.0,1.0,80.0,,,,,
1200.0,EAudioMood::Tense,0.0,1.0,80.0,,,,,
1200.0,EAudioMood::Tense,0.0,1.0,80.0,,,,,
1200.0,EAudioMood::Tense,0.0,1.0,80.0,,,,,
1200.0,EAudioMood::Tense,0.0,1.0,80.0,,,,,
1200.0,EAudioMood::Tense,0.0,1.0,80.0,,,,,
1200.0,EAudioMood::Tense,0.0,1.0,80.0,,,,,
1200.33,EAudioMood::Tense,1.0,1.0,80.0,,,,,
1208.41,EAudioMood::Tense,1.0,1.0,80.0,,,,,
1268.7,EAudioMood::Tense,1.0,1.0,80.0,,,,,
1266.45,EAudioMood::Tense,1.0,1.0,80.0,,,,,
1209.55,EAudioMood::Tense,1.0,1.0,80.0,,,,,
1200.0,EAudioMood::Tense,0.0,1.0,80.0,,,,,
1210.44,EAudioMood::Tense,1.0,1.0,60.0,,,,,
552.33,EAudioMood::Tense,1.0,1.0,60.0,,,,,
1202.04,EAudioMood::Tense,1.0,1.0,60.0,,,,,
473.18,EAudioMood::Tense,0.0,1.0,60.0,,,,,
1200.0,EAudioMood::Tense,0.0,1.0,60.0,,,,,
1263.5,EAudioMood::Tense,1.0,1.0,60.0,,,,,
1200.0,EAudioMood::Tense,0.0,1.0,60.0,,,,,
1211.7,EAudioMood::Tense,1.0,1.0,60.0,,,,,
1256.04,EAudioMood::Tense,1.0,1.0,60.0,,,,,
619.91,EAudioMood::Tense,0.0,1.0,60.0,,,,,
1210.6,EAudioMood::Tense,1.0,1.0,60.0,,,,,
1193.34,EAudioMood::Tense,0.0,1.0,60.0,,,,,
1200.0,EAudioMood::Tense,0.0,1.0,60.0,,,,,
1200.0,EAudioMood::Tense,0.0,1.0,60.0,,,,,
1201.53,EAudioMood::Tense,1.0,1.0,60.0,,,,,
1200.0,EAudioMood::Tense,0.0,1.0,60.0,,,,,
1200.0,EAudioMood::Tense,0.0,1.0,60.0,,,,,
1253.65,EAudioMood::Action,1.0,1.0,40.0,,,,,
0.0,EAudioMood::Calm,0.0,0.0,100.0,,,,,
0.0,EAudioMood::Calm,0.0,0.0,100.0,,,,,
600.0,EAudioMood::Calm,0.0,0.0,100.0,,,,,
600.0,EAudioMood::Calm,0.0,0.0,100.0,,,,,
600.0,EAudioMood::Calm,0.0,0.0,100.0,,,,,
600.0,EAudioMood::Calm,0.0,0.0,100.0,,,,,
600.0,EAudioMood::Calm,0.0,0.0,100.0,,,,,
600.0,EAudioMood::Calm,0.0,0.0,100.0,,,,,
620.93,EAudioMood::Calm,1.0,0.0,100.0,,,,,
600.37,EAudioMood::Calm,1.0,0.0,100.0,,,,,
643.35,EAudioMood::Calm,1.0,0.0,100.0,,,,,
671.58,EAudioMood::Calm,1.0,0.0,100.0,,,,,
638.04,EAudioMood::Calm,1.0,0.0,100.0,,,,,
600.0,EAudioMood::Calm,0.0,0.0,100.0,,,,,
600.0,EAudioMood::Calm,0.0,0.0,80.0,,,,,
714.8,EAudioMood::Calm,1.0,0.0,80.0,,,,,
605.07,EAudioMood::Calm,1.0,0.0,80.0,,,,,
701.18,EAudioMood::Calm,1.0,0.0,80.0,,,,,
600.0,EAudioMood::Calm,0.0,0.0,80.0,,,,,
694.14,EAudioMood::Calm,1.0,0.0,80.0,,,,,
625.33,EAudioMood::Calm,1.0,0.0,80.0,,,,,
602.29,EAudioMood::Calm,1.0,0.0,80.0,,,,,
618.59,EAudioMood::Calm,1.0,0.0,80.0,,,,,
677.12,EAudioMood::Calm,1.0,0.0,80.0,,,,,
600.0,EAudioMood::Calm,0.0,0.0,80.0,,,,,
646.78,EAudioMood::Calm,1.0,0.0,80.0,,,,,
606.18,EAudioMood::Calm,1.0,0.0,80.0,,,,,
614.82,EAudioMood::Calm,1.0,0.0,80.0,,,,,
701.18,EAudioMood::Calm,1.0,0.0,80.0,,,,,
625.33,EAudioMood::Calm,1.0,0.0,80.0,,,,,
608.52,EAudioMood::Calm,1.0,0.0,60.0,,,,,
600.0,EAudioMood::Calm,0.0,0.0,60.0,,,,,
723.82,EAudioMood::Calm,1.0,0.0,60.0,,,,,
635.31,EAudioMood::Calm,1.0,0.0,60.0,,,,,
613.09,EAudioMood::Calm,1.0,0.0,60.0,,,,,
684.84,EAudioMood::Calm,1.0,0.0,60.0,,,,,
600.0,EAudioMood::Calm,0.0,0.0,60.0,,,,,
693.45,EAudioMood::Calm,1.0,0.0,60.0,,,,,
600.02,EAudioMood::Calm,1.0,0.0,60.0,,,,,
600.0,EAudioMood::Calm,0.0,0.0,60.0,,,,,
600.0,EAudioMood::Calm,0.0,0.0,60.0,,,,,
600.0,EAudioMood::Calm,0.0,0.0,60.0,,,,,
600.0,EAudioMood::Calm,0.0,0.0,60.0,,,,,
600.0,EAudioMood::Calm,0.0,0.0,60.0,,,,,
600.0,EAudioMood::Calm,0.0,0.0,60.0,,,,,
600.01,EAudioMood::Calm,1.0,0.0,60.0,,,,,
600.0,EAudioMood::Calm,0.0,0.0,60.0,,,,,
601.72,EAudioMood::Calm,1.0,0.0,60.0,,,,,
600.0,EAudioMood::Calm,0.0,0.0,60.0,,,,,
616.92,EAudioMood::Calm,1.0,0.0,60.0,,,,,
692.86,EAudioMood::Calm,1.0,0.0,60.0,,,,,
568.22,EAudioMood::Calm,0.0,0.0,60.0,,,,,
718.62,EAudioMood::Calm,1.0,0.0,60.0,,,,,
600.0,EAudioMood::Calm,0.0,0.0,60.0,,,,,
673.91,EAudioMood::Calm,1.0,0.0,60.0,,,,,
600.0,EAudioMood::Calm,0.0,0.0,60.0,,,,,
659.19,EAudioMood::Calm,1.0,0.0,60.0,,,,,
600.0,EAudioMood::Calm,0.0,0.0,60.0,,,,,
611.69,EAudioMood::Calm,1.0,0.0,60.0,,,,,
0.0,EAudioMood::Calm,0.0,0.0,60.0,,,,,
0.0,EAudioMood::Calm,0.0,0.0,60.0,,,,,
0.0,EAudioMood::Calm,0.0,0.0,60.0,,,,,
0.0,EAudioMood::Calm,0.0,0.0,60.0,,,,,
0.0,EAudioMood::Calm,0.0,0.0,60.0,,,,,
0.0,EAudioMood::Calm,0.0,0.0,100.0,,,,,
600.0,EAudioMood::Calm,0.0,0.0,100.0,,,,,
697.58,EAudioMood::Calm,1.0,0.0,100.0,,,,,
646.79,EAudioMood::Calm,1.0,0.0,100.0,,,,,
643.35,EAudioMood::Calm,1.0,0.0,100.0,,,,,
652.59,EAudioMood::Calm,1.0,0.0,100.0,,,,,
601.09,EAudioMood::Calm,1.0,0.0,100.0,,,,,
646.34,EAudioMood::Calm,1.0,0.0,100.0,,,,,
652.59,EAudioMood::Calm,1.0,0.0,100.0,,,,,
600.0,EAudioMood::Calm,0.0,0.0,100.0,,,,,
600.0,EAudioMood::Calm,0.0,0.0,100.0,,,,,
666.63,EAudioMood::Calm,1.0,0.0,100.0,,,,,
600.0,EAudioMood::Calm,0.0,0.0,100.0,,,,,
616.65,EAudioMood::Calm,1.0,0.0,100.0,,,,,
600.0,EAudioMood::Calm,0.0,0.0,80.0,,,,,
608.72,EAudioMood::Calm,1.0,0.0,80.0,,,,,
727.74,EAudioMood::Calm,1.0,0.0,80.0,,,,,
600.0,EAudioMood::Calm,0.0,0.0,80.0,,,,,
600.0,EAudioMood::Calm,0.0,0.0,80.0,,,,,
604.92,EAudioMood::Calm,1.0,0.0,80.0,,,,,
620.62,EAudioMood::Calm,1.0,0.0,80.0,,,,,
618.59,EAudioMood::Calm,1.0,0.0,80.0,,,,,
600.0,EAudioMood::Calm,0.0,0.0,80.0,,,,,
653.06,EAudioMood::Calm,1.0,0.0,80.0,,,,,
618.59,EAudioMood::Calm,1.0,0.0,80.0,,,,,
600.0,EAudioMood::Calm,0.0,0.0,80.0,,,,,
600.0,EAudioMood::Calm,0.0,0.0,80.0,,,,,
600.0,EAudioMood::Calm,0.0,0.0,80.0,,,,,
623.08,EAudioMood::Calm,1.0,0.0,80.0,,,,,
610.15,EAudioMood::Calm,1.0,0.0,80.0,,,,,
804.78,EAudioMood::Tense,0.0,1.0,80.0,,,,,
1200.86,EAudioMood::Tense,1.0,1.0,80.0,,,,,
1200.0,EAudioMood::Tense,0.0,1.0,80.0,,,,,
600.0,EAudioMood::Calm,0.0,0.0,80.0,,,,,
600.0,EAudioMood::Calm,0.0,0.0,60.0,,,,,
640.86,EAudioMood::Calm,1.0,0.0,60.0,,,,,
600.37,EAudioMood::Calm,1.0,0.0,60.0,,,,,
609.94,EAudioMood::Calm,1.0,0.0,60.0,,,,,
1200.0,EAudioMood::Tense,0.0,1.0,60.0,,,,,
1225.7,EAudioMood::Action,1.0,1.0,60.0,,,,,
66.71,EAudioMood::Action,0.0,1.0,60.0,,,,,
1201.2,EAudioMood::Calm,1.0,0.0,60.0,,,,,
600.0,EAudioMood::Calm,0.0,0.0,60.0,,,,,
600.0,EAudioMood::Calm,0.0,0.0,60.0,,,,,
600.0,EAudioMood::Action,0.0,0.0,60.0,,,,,
653.06,EAudioMood::Action,1.0,0.0,60.0,,,,,
527.43,EAudioMood::Action,1.0,0.0,60.0,,,,,
600.0,EAudioMood::Calm,0.0,0.0,60.0,,,,,
600.0,EAudioMood::Calm,0.0,0.0,60.0,,,,,
1200.0,EAudioMood::Tense,0.0,1.0,60.0,,,,,
1200.0,EAudioMood::Tense,0.0,1.0,60.0,,,,,
1200.0,EAudioMood::Tense,0.0,1.0,60.0,,,,,
600.0,EAudioMood::Calm,0.0,0.0,60.0,,,,,
600.0,EAudioMood::Action,0.0,0.0,40.0,,,,,
638.04,EAudioMood::Action,1.0,0.0,40.0,,,,,
653.96,EAudioMood::Action,1.0,0.0,40.0,,,,,
689.39,EAudioMood::Action,1.0,0.0,40.0,,,,,
600.0,EAudioMood::Action,0.0,0.0,40.0,,,,,
0.0,EAudioMood::Action,0.0,0.0,20.0,,,,,
0.0,EAudioMood::Action,0.0,0.0,20.0,,,,,
0.0,EAudioMood::Action,0.0,0.0,20.0,,,,,
0.0,EAudioMood::Action,0.0,0.0,20.0,,,,,
600.0,EAudioMood::Action,0.0,0.0,20.0,,,,,
600.11,EAudioMood::Action,1.0,0.0,20.0,,,,,
546.54,EAudioMood::Action,0.0,0.0,20.0,,,,,
669.71,EAudioMood::Action,1.0,0.0,20.0,,,,,
600.0,EAudioMood::Action,0.0,0.0,20.0,,,,,
618.87,EAudioMood::Action,1.0,0.0,20.0,,,,,
0.0,EAudioMood::Calm,0.0,0.0,100.0,,,,,
0.0,EAudioMood::Calm,0.0,0.0,100.0,,,,,
0.0,EAudioMood::Calm,0.0,0.0,100.0,,,,,
0.0,EAudioMood::Calm,0.0,0.0,100.0,,,,,
0.0,EAudioMood::Calm,0.0,0.0,100.0,,,,,
0.0,EAudioMood::Calm,0.0,0.0,100.0,,,,,
0.0,EAudioMood::Calm,0.0,0.0,100.0,,,,,
0.0,EAudioMood::Calm,0.0,0.0,100.0,,,,,
0.0,EAudioMood::Calm,0.0,0.0,100.0,,,,,
600.0,EAudioMood::Calm,0.0,0.0,100.0,,,,,
640.45,EAudioMood::Calm,1.0,0.0,100.0,,,,,
618.59,EAudioMood::Calm,1.0,0.0,100.0,,,,,
513.86,EAudioMood::Calm,1.0,0.0,100.0,,,,,
613.09,EAudioMood::Calm,1.0,0.0,100.0,,,,,
559.12,EAudioMood::Calm,1.0,0.0,100.0,,,,,
608.52,EAudioMood::Calm,1.0,0.0,100.0,,,,,
0.0,EAudioMood::Calm,0.0,0.0,100.0,,,,,
0.0,EAudioMood::Calm,0.0,0.0,100.0,,,,,
0.0,EAudioMood::Calm,0.0,0.0,100.0,,,,,
0.0,EAudioMood::Calm,0.0,0.0,100.0,,,,,
0.0,EAudioMood::Calm,0.0,0.0,100.0,,,,,
0.0,EAudioMood::Calm,0.0,0.0,100.0,,,,,
0.0,EAudioMood::Calm,0.0,0.0,100.0,,,,,
0.0,EAudioMood::Calm,0.0,0.0,100.0,,,,,
0.0,EAudioMood::Calm,0.0,0.0,100.0,,,,,
600.0,EAudioMood::Calm,0.0,0.0,100.0,,,,,
600.0,EAudioMood::Calm,0.0,0.0,100.0,,,,,
600.0,EAudioMood::Calm,0.0,0.0,100.0,,,,,
600.0,EAudioMood::Calm,0.0,0.0,100.0,,,,,
600.71,EAudioMood::Calm,1.0,0.0,100.0,,,,,
600.02,EAudioMood::Calm,1.0,0.0,100.0,,,,,
614.82,EAudioMood::Calm,1.0,0.0,100.0,,,,,
616.65,EAudioMood::Calm,1.0,0.0,100.0,,,,,
600.0,EAudioMood::Calm,0.0,0.0,100.0,,,,,
1200.0,EAudioMood::Tense,0.0,1.0,100.0,,,,,
600.0,EAudioMood::Calm,0.0,0.0,100.0,,,,,
600.14,EAudioMood::Calm,1.0,0.0,80.0,,,,,
0.0,EAudioMood::Calm,0.0,0.0,80.0,,,,,
0.0,EAudioMood::Calm,0.0,0.0,80.0,,,,,
0.0,EAudioMood::Calm,0.0,0.0,80.0,,,,,
0.0,EAudioMood::Calm,0.0,0.0,80.0,,,,,
0.0,EAudioMood::Calm,0.0,0.0,80.0,,,,,
0.0,EAudioMood::Calm,0.0,0.0,80.0,,,,,
0.0,EAudioMood::Calm,0.0,0.0,80.0,,,,,
659.19,EAudioMood::Calm,1.0,0.0,80.0,,,,,
646.34,EAudioMood::Calm,1.0,0.0,80.0,,,,,
603.94,EAudioMood::Calm,1.0,0.0,80.0,,,,,
646.34,EAudioMood::Calm,1.0,0.0,80.0,,,,,
604.07,EAudioMood::Calm,1.0,0.0,60.0,,,,,
696.98,EAudioMood::Calm,1.0,0.0,60.0,,,,,
714.16,EAudioMood::Calm,1.0,0.0,60.0,,,,,
623.08,EAudioMood::Calm,1.0,0.0,60.0,,,,,
606.18,EAudioMood::Calm,1.0,0.0,60.0,,,,,
323.28,EAudioMood::Calm,1.0,0.0,60.0,,,,,
601.64,EAudioMood::Calm,1.0,0.0,60.0,,,,,
609.94,EAudioMood::Calm,1.0,0.0,60.0,,,,,
688.82,EAudioMood::Calm,1.0,0.0,60.0,,,,,
600.0,EAudioMood::Calm,0.0,0.0,60.0,,,,,
600.0,EAudioMood::Calm,0.0,0.0,60.0,,,,,
537.48,EAudioMood::Calm,0.0,0.0,60.0,,,,,
610.15,EAudioMood::Calm,1.0,0.0,60.0,,,,,
604.07,EAudioMood::Calm,1.0,0.0,60.0,,,,,
601.09,EAudioMood::Calm,1.0,0.0,60.0,,,,,
614.82,EAudioMood::Calm,1.0,0.0,60.0,,,,,
655.85,EAudioMood::Calm,1.0,0.0,60.0,,,,,
443.52,EAudioMood::Calm,0.0,0.0,60.0,,,,,
620.93,EAudioMood::Calm,1.0,0.0,60.0,,,,,
714.16,EAudioMood::Calm,1.0,0.0,60.0,,,,,
673.37,EAudioMood::Calm,1.0,0.0,60.0,,,,,
577.52,EAudioMood::Calm,0.0,0.0,60.0,,,,,
611.69,EAudioMood::Calm,1.0,0.0,60.0,,,,,
602.18,EAudioMood::Calm,1.0,0.0,60.0,,,,,
692.86,EAudioMood::Calm,1.0,0.0,60.0,,,,,
600.0,EAudioMood::Calm,0.0,0.0,60.0,,,,,
600.11,EAudioMood::Action,1.0,0.0,40.0,,,,,
649.42,EAudioMood::Action,1.0,0.0,40.0,,,,,
0.0,EAudioMood::Action,0.0,0.0,40.0,,,,,
1200.0,EAudioMood::Tense,0.0,1.0,100.0,,,,,
1200.0,EAudioMood::Tense,0.0,1.0,100.0,,,,,
1200.0,EAudioMood::Tense,0.0,1.0,100.0,,,,,
674.51,EAudioMood::Tense,0.0,1.0,100.0,,,,,
1164.64,EAudioMood::Tense,0.0,1.0,100.0,,,,,
1109.8,EAudioMood::Tense,0.0,1.0,100.0,,,,,
1263.5,EAudioMood::Tense,1.0,1.0,100.0,,,,,
1209.4,EAudioMood::Tense,1.0,1.0,100.0,,,,,
1215.16,EAudioMood::Tense,1.0,1.0,100.0,,,,,
1207.61,EAudioMood::Tense,1.0,1.0,100.0,,,,,
1137.36,EAudioMood::Tense,1.0,1.0,100.0,,,,,
1219.47,EAudioMood::Tense,1.0,1.0,80.0,,,,,
1200.0,EAudioMood::Tense,0.0,1.0,80.0,,,,,
1249.35,EAudioMood::Tense,1.0,1.0,80.0,,,,,
1209.55,EAudioMood::Tense,1.0,1.0,80.0,,,,,
1212.86,EAudioMood::Tense,1.0,1.0,80.0,,,,,
1200.16,EAudioMood::Tense,1.0,1.0,80.0,,,,,
1200.0,EAudioMood::Tense,0.0,1.0,80.0,,,,,
1251.65,EAudioMood::Tense,1.0,1.0,80.0,,,,,
1222.25,EAudioMood::Tense,1.0,1.0,80.0,,,,,
1204.38,EAudioMood::Calm,1.0,0.0,80.0,,,,,
1200.0,EAudioMood::Tense,0.0,1.0,80.0,,,,,
1149.42,EAudioMood::Tense,0.0,1.0,80.0,,,,,
1205.77,EAudioMood::Tense,1.0,1.0,60.0,,,,,
705.63,EAudioMood::Tense,0.0,1.0,60.0,,,,,
1256.39,EAudioMood::Tense,1.0,1.0,60.0,,,,,
1200.54,EAudioMood::Tense,1.0,1.0,60.0,,,,,
1251.31,EAudioMood::Tense,1.0,1.0,60.0,,,,,
1256.39,EAudioMood::Tense,1.0,1.0,60.0,,,,,
1201.2,EAudioMood::Tense,1.0,1.0,60.0,,,,,
1227.14,EAudioMood::Tense,1.0,1.0,60.0,,,,,
1200.0,EAudioMood::Tense,0.0,1.0,60.0,,,,,
1205.11,EAudioMood::Tense,1.0,1.0,60.0,,,,,
1200.0,EAudioMood::Tense,0.0,1.0,60.0,,,,,
600.0,EAudioMood::Action,0.0,0.0,40.0,,,,,
1200.0,EAudioMood::Action,0.0,1.0,40.0,,,,,
1200.0,EAudioMood::Action,0.0,1.0,40.0,,,,,
0.0,EAudioMood::Calm,0.0,0.0,100.0,,,,,
0.0,EAudioMood::Calm,0.0,0.0,100.0,,,,,
0.0,EAudioMood::Calm,0.0,0.0,100.0,,,,,
600.0,EAudioMood::Calm,0.0,0.0,100.0,,,,,
600.0,EAudioMood::Calm,0.0,0.0,100.0,,,,,
600.0,EAudioMood::Calm,0.0,0.0,100.0,,,,,
600.0,EAudioMood::Calm,0.0,0.0,100.0,,,,,
600.0,EAudioMood::Calm,0.0,0.0,100.0,,,,,
600.0,EAudioMood::Calm,0.0,0.0,100.0,,,,,
1200.0,EAudioMood::Tense,0.0,1.0,100.0,,,,,
1223.83,EAudioMood::Tense,1.0,1.0,100.0,,,,,
522.95,EAudioMood::Tense,0.0,1.0,100.0,,,,,
1256.39,EAudioMood::Tense,1.0,1.0,100.0,,,,,
630.25,EAudioMood::Tense,1.0,1.0,100.0,,,,,
773.64,EAudioMood::Tense,0.0,1.0,80.0,,,,,
1238.23,EAudioMood::Tense,1.0,1.0,80.0,,,,,
1200.0,EAudioMood::Action,0.0,1.0,80.0,,,,,
600.0,EAudioMood::Calm,0.0,0.0,80.0,,,,,
1043.74,EAudioMood::Tense,0.0,1.0,80.0,,,,,
1200.0,EAudioMood::Tense,0.0,1.0,80.0,,,,,
600.0,EAudioMood::Calm,0.0,0.0,80.0,,,,,
600.0,EAudioMood::Calm,0.0,0.0,80.0,,,,,
600.0,EAudioMood::Calm,0.0,0.0,80.0,,,,,
600.0,EAudioMood::Calm,0.0,0.0,80.0,,,,,
600.0,EAudioMood::Action,0.0,0.0,80.0,,,,,
600.0,EAudioMood::Action,0.0,0.0,80.0,,,,,
0.0,EAudioMood::Calm,0.0,0.0,80.0,,,,,
0.0,EAudioMood::Calm,0.0,0.0,100.0,,,,,
0.0,EAudioMood::Calm,0.0,0.0,100.0,,,,,
0.0,EAudioMood::Calm,0.0,0.0,100.0,,,,,
0.0,EAudioMood::Calm,0.0,0.0,100.0,,,,,
0.0,EAudioMood::Calm,0.0,0.0,100.0,,,,,
0.0,EAudioMood::Calm,0.0,0.0,100.0,,,,,
600.0,EAudioMood::Calm,0.0,0.0,100.0,,,,,
1200.0,EAudioMood::Tense,0.0,1.0,100.0,,,,,
1209.4,EAudioMood::Tense,1.0,1.0,100.0,,,,,
1216.66,EAudioMood::Calm,1.0,0.0,100.0,,,,,
600.0,EAudioMood::Calm,0.0,0.0,100.0,,,,,
600.0,EAudioMood::Calm,0.0,0.0,100.0,,,,,
1200.0,EAudioMood::Tense,0.0,1.0,100.0,,,,,
600.0,EAudioMood::Calm,0.0,0.0,100.0,,,,,
684.84,EAudioMood::Calm,1.0,0.0,100.0,,,,,
0.0,EAudioMood::Calm,0.0,0.0,100.0,,,,,
600.0,EAudioMood::Calm,0.0,0.0,100.0,,,,,
600.0,EAudioMood::Calm,0.0,0.0,100.0,,,,,
640.45,EAudioMood::Calm,1.0,0.0,100.0,,,,,
600.0,EAudioMood::Calm,0.0,0.0,100.0,,,,,
1200.0,EAudioMood::Tense,0.0,1.0,100.0,,,,,
946.44,EAudioMood::Tense,0.0,1.0,100.0,,,,,
1190.5,EAudioMood::Tense,0.0,1.0,80.0,,,,,
1200.0,EAudioMood::Tense,0.0,1.0,80.0,,,,,
600.0,EAudioMood::Calm,0.0,0.0,80.0,,,,,
1200.0,EAudioMood::Tense,0.0,1.0,80.0,,,,,
1129.34,EAudioMood::Tense,0.0,1.0,80.0,,,,,
786.48,EAudioMood::Tense,0.0,1.0,80.0,,,,,
1229.13,EAudioMood::Tense,1.0,1.0,80.0,,,,,
1087.27,EAudioMood::Tense,0.0,1.0,80.0,,,,,
1222.48,EAudioMood::Tense,1.0,1.0,80.0,,,,,
596.7,EAudioMood::Tense,0.0,1.0,80.0,,,,,
1140.63,EAudioMood::Tense,1.0,1.0,80.0,,,,,
1244.59,EAudioMood::Tense,1.0,1.0,80.0,,,,,
1200.06,EAudioMood::Tense,1.0,1.0,80.0,,,,,
1200.0,EAudioMood::Tense,0.0,1.0,80.0,,,,,
409.59,EAudioMood::Calm,0.0,0.0,100.0,,,,,
600.0,EAudioMood::Calm,0.0,0.0,100.0,,,,,
1200.0,EAudioMood::Tense,0.0,1.0,100.0,,,,,
1200.0,EAudioMood::Tense,0.0,1.0,100.0,,,,,
1240.66,EAudioMood::Tense,1.0,1.0,100.0,,,,,
1200.0,EAudioMood::Tense,0.0,1.0,100.0,,,,,
1206.57,EAudioMood::Tense,1.0,1.0,100.0,,,,,
884.61,EAudioMood::Tense,0.0,1.0,100.0,,,,,
1179.11,EAudioMood::Tense,1.0,1.0,100.0,,,,,
1005.45,EAudioMood::Tense,1.0,1.0,100.0,,,,,
1131.71,EAudioMood::Tense,1.0,1.0,100.0,,,,,
1205.0,EAudioMood::Tense,1.0,1.0,100.0,,,,,
1246.78,EAudioMood::Tense,1.0,1.0,100.0,,,,,
506.9,EAudioMood::Tense,0.0,1.0,100.0,,,,,
0.0,EAudioMood::Calm,0.0,0.0,100.0,,,,,
0.0,EAudioMood::Calm,0.0,0.0,100.0,,,,,
0.0,EAudioMood::Calm,0.0,0.0,100.0,,,,,
0.0,EAudioMood::Calm,0.0,0.0,100.0,,,,,
804.8,EAudioMood::Tense,0.0,1.0,100.0,,,,,
1200.0,EAudioMood::Tense,0.0,1.0,100.0,,,,,
1205.11,EAudioMood::Tense,1.0,1.0,100.0,,,,,
1200.0,EAudioMood::Tense,0.0,1.0,100.0,,,,,
1258.84,EAudioMood::Tense,1.0,1.0,100.0,,,,,
1200.0,EAudioMood::Tense,0.0,1.0,100.0,,,,,
1117.83,EAudioMood::Tense,1.0,1.0,100.0,,,,,
1200.0,EAudioMood::Tense,0.0,1.0,80.0,,,,,
1224.89,EAudioMood::Tense,1.0,1.0,80.0,,,,,
1266.45,EAudioMood::Tense,1.0,1.0,80.0,,,,,
1200.0,EAudioMood::Tense,0.0,1.0,80.0,,,,,
1240.36,EAudioMood::Tense,1.0,1.0,80.0,,,,,
1236.61,EAudioMood::Tense,1.0,1.0,80.0,,,,,
1137.35,EAudioMood::Tense,1.0,1.0,60.0,,,,,
1261.33,EAudioMood::Tense,1.0,1.0,60.0,,,,,
936.99,EAudioMood::Tense,1.0,1.0,60.0,,,,,
526.15,EAudioMood::Tense,0.0,1.0,60.0,,,,,
1115.45,EAudioMood::Tense,1.0,1.0,60.0,,,,,
466.7,EAudioMood::Calm,0.0,0.0,60.0,,,,,
0.0,EAudioMood::Calm,0.0,0.0,60.0,,,,,
0.0,EAudioMood::Calm,0.0,0.0,100.0,,,,,
0.0,EAudioMood::Calm,0.0,0.0,100.0,,,,,
0.0,EAudioMood::Calm,0.0,0.0,100.0,,,,,
0.0,EAudioMood::Calm,0.0,0.0,100.0,,,,,
0.0,EAudioMood::Calm,0.0,0.0,100.0,,,,,
0.0,EAudioMood::Calm,0.0,0.0,100.0,,,,,
0.0,EAudioMood::Calm,0.0,0.0,100.0,,,,,
0.0,EAudioMood::Calm,0.0,0.0,100.0,,,,,
0.0,EAudioMood::Calm,0.0,0.0,100.0,,,,,
0.0,EAudioMood::Calm,0.0,0.0,100.0,,,,,
600.0,EAudioMood::Calm,0.0,0.0,100.0,,,,,
1200.0,EAudioMood::Tense,0.0,1.0,100.0,,,,,
1200.0,EAudioMood::Tense,0.0,1.0,100.0,,,,,
1215.34,EAudioMood::Tense,1.0,1.0,100.0,,,,,
1200.0,EAudioMood::Tense,0.0,1.0,100.0,,,,,
954.64,EAudioMood::Tense,1.0,1.0,100.0,,,,,
1253.65,EAudioMood::Tense,1.0,1.0,100.0,,,,,
1201.15,EAudioMood::Tense,1.0,1.0,100.0,,,,,
1200.0,EAudioMood::Tense,0.0,1.0,100.0,,,,,
1200.0,EAudioMood::Tense,0.0,1.0,100.0,,,,,
1200.0,EAudioMood::Tense,0.0,1.0,100.0,,,,,
1200.0,EAudioMood::Tense,0.0,1.0,100.0,,,,,
1057.03,EAudioMood::Tense,0.0,1.0,80.0,,,,,
1217.22,EAudioMood::Tense,1.0,1.0,80.0,,,,,
1200.0,EAudioMood::Tense,0.0,1.0,80.0,,,,,
1222.25,EAudioMood::Tense,1.0,1.0,80.0,,,,,
1200.0,EAudioMood::Tense,0.0,1.0,80.0,,,,,
1215.16,EAudioMood::Tense,1.0,1.0,80.0,,,,,
1200.0,EAudioMood::Tense,0.0,1.0,80.0,,,,,
1200.0,EAudioMood::Tense,0.0,1.0,80.0,,,,,
600.0,EAudioMood::Calm,0.0,0.0,80.0,,,,,
600.0,EAudioMood::Calm,0.0,0.0,80.0,,,,,
600.0,EAudioMood::Calm,0.0,0.0,80.0,,,,,
600.0,EAudioMood::Calm,0.0,0.0,80.0,,,,,
600.0,EAudioMood::Calm,0.0,0.0,80.0,,,,,
600.0,EAudioMood::Calm,0.0,0.0,80.0,,,,,
0.0,EAudioMood::Calm,0.0,0.0,100.0,,,,,
600.0,EAudioMood::Calm,0.0,0.0,100.0,,,,,
1200.0,EAudioMood::Tense,0.0,1.0,100.0,,,,,
600.0,EAudioMood::Calm,0.0,0.0,100.0,,,,,
600.0,EAudioMood::Calm,0.0,0.0,100.0,,,,,
600.0,EAudioMood::Calm,0.0,0.0,100.0,,,,,
600.0,EAudioMood::Calm,0.0,0.0,100.0,,,,,
600.0,EAudioMood::Calm,0.0,0.0,100.0,,,,,
600.0,EAudioMood::Calm,0.0,0.0,100.0,,,,,
1200.0,EAudioMood::Tense,0.0,1.0,100.0,,,,,
1200.0,EAudioMood::Tense,0.0,1.0,100.0,,,,,
1200.0,EAudioMood::Tense,0.0,1.0,100.0,,,,,
1200.0,EAudioMood::Tense,0.0,1.0,100.0,,,,,
1200.0,EAudioMood::Tense,0.0,1.0,100.0,,,,,
600.0,EAudioMood::Calm,0.0,0.0,100.0,,,,,
600.0,EAudioMood::Calm,0.0,0.0,100.0,,,,,
600.0,EAudioMood::Calm,0.0,0.0,80.0,,,,,
600.0,EAudioMood::Calm,0.0,0.0,80.0,,,,,
600.0,EAudioMood::Calm,0.0,0.0,80.0,,,,,
1200.0,EAudioMood::Tense,0.0,1.0,80.0,,,,,
600.0,EAudioMood::Calm,0.0,0.0,80.0,,,,,
600.0,EAudioMood::Action,0.0,0.0,80.0,,,,,
600.0,EAudioMood::Action,0.0,0.0,80.0,,,,,
600.0,EAudioMood::Action,0.0,0.0,80.0,,,,,
600.0,EAudioMood::Action,0.0,0.0,80.0,,,,,
1060.8,EAudioMood::Tense,0.0,1.0,80.0,,,,,
1200.0,EAudioMood::Tense,0.0,1.0,80.0,,,,,
1200.0,EAudioMood::Tense,0.0,1.0,80.0,,,,,
1200.0,EAudioMood::Tense,0.0,1.0,80.0,,,,,
600.0,EAudioMood::Calm,0.0,0.0,80.0,,,,,
600.0,EAudioMood::Calm,0.0,0.0,80.0,,,,,
600.0,EAudioMood::Calm,0.0,0.0,80.0,,,,,
600.0,EAudioMood::Calm,0.0,0.0,80.0,,,,,
600.0,EAudioMood::Calm,0.0,0.0,80.0,,,,,
600.0,EAudioMood::Calm,0.0,0.0,60.0,,,,,
600.0,EAudioMood::Calm,0.0,0.0,60.0,,,,,
600.0,EAudioMood::Calm,0.0,0.0,60.0,,,,,
600.0,EAudioMood::Calm,0.0,0.0,60.0,,,,,
600.0,EAudioMood::Action,0.0,0.0,40.0,,,,,
600.0,EAudioMood::Action,0.0,0.0,40.0,,,,,
600.0,EAudioMood::Action,0.0,0.0,40.0,,,,,
600.0,EAudioMood::Action,0.0,0.0,40.0,,,,,
600.0,EAudioMood::Action,0.0,0.0,40.0,,,,,
600.0,EAudioMood::Action,0.0,0.0,40.0,,,,,
600.0,EAudioMood::Action,0.0,0.0,40.0,,,,,
600.0,EAudioMood::Action,0.0,0.0,40.0,,,,,
600.0,EAudioMood::Action,0.0,0.0,40.0,,,,,
600.0,EAudioMood::Action,0.0,0.0,40.0,,,,,
600.0,EAudioMood::Action,0.0,0.0,40.0,,,,,
1200.0,EAudioMood::Action,0.0,1.0,40.0,,,,,
1200.0,EAudioMood::Action,0.0,1.0,40.0,,,,,
1200.0,EAudioMood::Action,0.0,1.0,40.0,,,,,
600.0,EAudioMood::Action,0.0,0.0,40.0,,,,,
600.0,EAudioMood::Action,0.0,0.0,40.0,,,,,
600.0,EAudioMood::Action,0.0,0.0,20.0,,,,,
1200.0,EAudioMood::Action,0.0,1.0,20.0,,,,,
1200.0,EAudioMood::Action,0.0,1.0,20.0,,,,,
1200.0,EAudioMood::Action,0.0,1.0,20.0,,,,,
600.0,EAudioMood::Action,0.0,0.0,20.0,,,,,
600.0,EAudioMood::Action,0.0,0.0,20.0,,,,,
0.0,EAudioMood::Action,0.0,0.0,20.0,,,,,
,,,,,761.2267019357331,0.0,0.0,3.209073142218317,EAudioMood::Action
,,,,,447.00099326450135,0.0,0.0,19.650219210805083,EAudioMood::Action
,,,,,434.1786321111681,1.0,0.0,32.82905081709109,EAudioMood::Action
,,,,,866.9898458038557,1.0,1.0,34.79945218265157,EAudioMood::Action
,,,,,809.9437319126832,0.0,0.0,29.78817349870445,EAudioMood::Action
,,,,,486.9728376354619,0.0,1.0,35.890569803698114,EAudioMood::Action
,,,,,598.4466079720105,1.0,1.0,4.609418298730641,EAudioMood::Action
,,,,,703.1860676874626,0.0,1.0,30.36469607318883,EAudioMood::Action
,,,,,857.8705645313034,0.0,0.0,18.445950277072626,EAudioMood::Action
,,,,,881.7100682219582,0.0,0.0,10.019107883564459,EAudioMood::Action
,,,,,738.6298151759688,0.0,0.0,16.07902092980321,EAudioMood::Action
,,,,,675.8690955821342,0.0,0.0,3.78558252679869,EAudioMood::Action
,,,,,835.3581061315745,1.0,0.0,25.143643845957055,EAudioMood::Action
,,,,,651.2359759082483,1.0,1.0,27.168139466709974,EAudioMood::Action
,,,,,582.5988552480021,0.0,1.0,7.658416226685514,EAudioMood::Action
,,,,,787.8278229167671,0.0,1.0,34.725076340974795,EAudioMood::Action
,,,,,741.8488777026421,1.0,1.0,27.489305381734525,EAudioMood::Action
,,,,,628.1132893081173,1.0,1.0,15.579067432228593,EAudioMood::Action
,,,,,468.00400098441384,0.0,1.0,8.371472941669555,EAudioMood::Action
,,,,,783.4764005338856,0.0,1.0,20.547025934284683,EAudioMood::Action
,,,,,784.965861235629,0.0,1.0,31.099841863580416,EAudioMood::Action
,,,,,594.0769867871956,1.0,1.0,12.652129147722908,EAudioMood::Action
,,,,,871.7279219882226,0.0,0.0,19.930091892698005,EAudioMood::Action
,,,,,483.11451754514434,1.0,0.0,37.30767266502251,EAudioMood::Action
,,,,,595.2231947549972,0.0,0.0,37.232137772945755,EAudioMood::Action
,,,,,491.31558427002267,1.0,0.0,14.592428717212913,EAudioMood::Action
,,,,,742.8852548326076,0.0,1.0,21.236739153958638,EAudioMood::Action
,,,,,861.1269207237056,1.0,0.0,29.35295228058234,EAudioMood::Action
,,,,,777.7281439191379,0.0,0.0,26.441832535646235,EAudioMood::Action
,,,,,811.4543589836829,0.0,0.0,33.98032370809018,EAudioMood::Action
,,,,,624.1944078696706,1.0,0.0,36.27221033963151,EAudioMood::Action
,,,,,590.0271519411947,0.0,0.0,31.840698692056584,EAudioMood::Action
,,,,,788.1846220001838,1.0,0.0,20.390345388068532,EAudioMood::Action
,,,,,896.5952892254505,0.0,1.0,5.74121042260149,EAudioMood::Action
,,,,,836.8550783753045,1.0,0.0,19.423457735710695,EAudioMood::Action
,,,,,783.1871234370183,0.0,0.0,34.118022924005714,EAudioMood::Action
,,,,,441.26845874375385,0.0,0.0,31.485586000634335,EAudioMood::Action
,,,,,793.4315657511828,0.0,1.0,37.47556073988216,EAudioMood::Action
,,,,,896.3588874070471,0.0,1.0,23.647776173163493,EAudioMood::Action
,,,,,613.8621967006791,0.0,1.0,1.395939552160188,EAudioMood::Action
,,,,,616.4094001086162,0.0,0.0,29.63773362614682,EAudioMood::Action
,,,,,458.0192962868697,1.0,0.0,31.7434540598447,EAudioMood::Action
,,,,,768.1100000820456,1.0,0.0,27.640737895208623,EAudioMood::Action
,,,,,840.2780768719114,1.0,0.0,27.482091468826265,EAudioMood::Action
,,,,,879.9010710268833,1.0,1.0,26.482986701524084,EAudioMood::Action
,,,,,726.990515350703,1.0,1.0,38.987685529588035,EAudioMood::Action
,,,,,463.1448020863493,1.0,1.0,15.527092828793894,EAudioMood::Action
,,,,,670.385644160467,0.0,1.0,35.20514783676383,EAudioMood::Action
,,,,,885.0182751962346,0.0,0.0,32.037643940891265,EAudioMood::Action
,,,,,585.2069336297445,1.0,0.0,17.120266167729202,EAudioMood::Action
,,,,,649.893644912087,1.0,0.0,39.61667454791777,EAudioMood::Action
,,,,,890.0303509910457,1.0,0.0,17.93863365582119,EAudioMood::Action
,,,,,816.7387019500977,0.0,0.0,10.069894355926884,EAudioMood::Action
,,,,,656.7089035060246,0.0,1.0,11.06630050462968,EAudioMood::Action
,,,,,874.3426086102158,0.0,1.0,17.05950516353042,EAudioMood::Action
,,,,,480.74941268116976,0.0,1.0,17.372683641240315,EAudioMood::Action
,,,,,669.1673939330911,0.0,1.0,1.9570953479573383,EAudioMood::Action
,,,,,786.9878778284417,0.0,1.0,0.9235981243686808,EAudioMood::Action
,,,,,858.6634756788367,0.0,1.0,8.449555609819853,EAudioMood::Action
,,,,,402.2161077589173,1.0,0.0,3.327557096391205,EAudioMood::Action
,,,,,568.338501490789,0.0,0.0,38.63497588281984,EAudioMood::Action
,,,,,787.0152870544472,0.0,0.0,18.333174578928283,EAudioMood::Action
,,,,,801.6093168535247,1.0,1.0,21.622248776448952,EAudioMood::Action
,,,,,741.6311634063006,0.0,0.0,10.411749131665808,EAudioMood::Action
,,,,,773.3967481911075,0.0,1.0,29.194275582048874,EAudioMood::Action
,,,,,664.0921648212704,1.0,0.0,28.12635006351301,EAudioMood::Action
,,,,,413.7853660823076,0.0,1.0,38.45972776102583,EAudioMood::Action
,,,,,415.82374488918475,0.0,1.0,9.916305255397514,EAudioMood::Action
,,,,,627.6177652053234,1.0,0.0,21.983506144382694,EAudioMood::Action
,,,,,493.9610115472369,0.0,0.0,34.116995817752375,EAudioMood::Action
,,,,,654.1291424684671,1.0,0.0,33.04874981909882,EAudioMood::Action
,,,,,620.4492703558652,1.0,1.0,27.2318077264801,EAudioMood::Action
,,,,,419.01290463555495,1.0,1.0,37.808052309643955,EAudioMood::Action
,,,,,877.2300294951233,0.0,1.0,39.365620812001545,EAudioMood::Action
,,,,,528.3828399203269,1.0,1.0,2.152926833359059,EAudioMood::Action
,,,,,808.8947089553508,1.0,0.0,27.721752463501453,EAudioMood::Action
,,,,,629.5428023082106,1.0,0.0,2.022612951798113,EAudioMood::Action
,,,,,838.4000471989217,1.0,1.0,19.934458522451536,EAudioMood::Action
,,,,,520.8848311135987,0.0,0.0,4.163389426588604,EAudioMood::Action
,,,,,651.3036789605067,1.0,0.0,13.141076180824616,EAudioMood::Action
,,,,,545.7491729696643,0.0,1.0,32.359077397840274,EAudioMood::Action
,,,,,665.0867883587608,1.0,1.0,3.955869797610103,EAudioMood::Action
,,,,,556.260487547167,0.0,0.0,3.1624760534440988,EAudioMood::Action
,,,,,750.8555742488747,0.0,0.0,29.6893853598209,EAudioMood::Action
,,,,,799.4120785052029,0.0,0.0,34.32168832715136,EAudioMood::Action
,,,,,672.4979223919693,1.0,0.0,15.273878330617716,EAudioMood::Action
,,,,,651.7195262243903,0.0,1.0,23.598873269776096,EAudioMood::Action
,,,,,521.7916490077545,0.0,1.0,26.264774269665804,EAudioMood::Action
,,,,,620.2978185275273,1.0,0.0,34.20003400255517,EAudioMood::Action
,,,,,563.8692231519944,1.0,1.0,9.128435313399015,EAudioMood::Action
,,,,,733.3682295301282,0.0,1.0,30.63520283295032,EAudioMood::Action
,,,,,891.765076518092,1.0,0.0,36.47719411496405,EAudioMood::Action
,,,,,755.0581795025657,1.0,0.0,10.404688990636215,EAudioMood::Action
,,,,,453.8219469971234,0.0,0.0,0.36229613519334514,EAudioMood::Action
,,,,,475.7022570474534,1.0,1.0,14.331307781814786,EAudioMood::Action
,,,,,533.192679113854,1.0,1.0,36.56524984839943,EAudioMood::Action
,,,,,660.2345148204912,1.0,1.0,20.86739064189441,EAudioMood::Action
,,,,,791.4551315309012,0.0,1.0,26.907951512068223,EAudioMood::Action
,,,,,810.9059637442205,0.0,0.0,5.666537689767259,EAudioMood::Action
,,,,,567.3254177024298,1.0,0.0,19.595661406863222,EAudioMood::Action
,,,,,862.1164141921344,1.0,1.0,4.064356880552462,EAudioMood::Action
,,,,,486.4547616880682,1.0,0.0,17.00178069081001,EAudioMood::Action
,,,,,523.2496446065863,1.0,0.0,7.457123894997775,EAudioMood::Action
,,,,,415.69242225742823,0.0,0.0,12.434538752325288,EAudioMood::Action
,,,,,742.9895864305263,1.0,0.0,20.145874767660974,EAudioMood::Action
,,,,,590.8634109870171,1.0,0.0,19.732639930028245,EAudioMood::Action
,,,,,538.4793508873216,1.0,1.0,4.118706367481915,EAudioMood::Action
,,,,,438.594308659769,1.0,1.0,33.49896895416392,EAudioMood::Action
,,,,,736.2570131451338,0.0,0.0,5.780944692804075,EAudioMood::Action
,,,,,451.6541962278104,1.0,1.0,33.834540479118935,EAudioMood::Action
,,,,,867.6974915698001,1.0,1.0,5.743754194814197,EAudioMood::Action
,,,,,638.2887818012182,1.0,1.0,6.385623295898637,EAudioMood::Action
,,,,,458.0641236744214,0.0,0.0,14.164360615218534,EAudioMood::Action
,,,,,682.5306163710782,1.0,1.0,24.819027987671678,EAudioMood::Action
,,,,,746.8183649893782,0.0,0.0,18.673157602077247,EAudioMood::Action
,,,,,491.731903395641,1.0,1.0,28.24861786368401,EAudioMood::Action
,,,,,619.4054398273032,0.0,0.0,4.979057961598405,EAudioMood::Action
,,,,,759.0824737552609,1.0,1.0,32.537377980620896,EAudioMood::Action
,,,,,699.2754887008523,1.0,1.0,29.091945981665063,EAudioMood::Action
,,,,,873.3567193707704,1.0,1.0,9.639330962760816,EAudioMood::Action
,,,,,887.9501497808051,0.0,0.0,33.691789246814025,EAudioMood::Action
,,,,,664.2186266945293,1.0,0.0,24.046595296770224,EAudioMood::Action
,,,,,899.7338683934703,1.0,0.0,8.844200398240023,EAudioMood::Action
,,,,,596.2393035086543,0.0,1.0,14.563943366076861,EAudioMood::Action
,,,,,432.8105696178008,0.0,1.0,38.602001480250905,EAudioMood::Action
,,,,,819.25839660086,0.0,1.0,30.421922244150274,EAudioMood::Action
,,,,,493.7327066393702,0.0,0.0,18.440915609345655,EAudioMood::Action
,,,,,419.2376572117204,0.0,0.0,28.12410076520078,EAudioMood::Action
,,,,,444.96215165279636,1.0,1.0,27.63818618795032,EAudioMood::Action
,,,,,643.6340484472887,1.0,0.0,2.778357687018702,EAudioMood::Action
,,,,,524.0690178177765,1.0,1.0,20.98628836606042,EAudioMood::Action
,,,,,838.1219756025476,0.0,1.0,26.390647278369098,EAudioMood::Action
,,,,,604.3233961100409,0.0,0.0,13.825680990345557,EAudioMood::Action
,,,,,556.4527823241935,1.0,1.0,2.659058603984623,EAudioMood::Action
,,,,,758.4946095584396,1.0,1.0,3.6434034070666144,EAudioMood::Action
,,,,,432.9779385520359,0.0,0.0,15.469315258660972,EAudioMood::Action
,,,,,525.5490696267531,0.0,0.0,11.312302324042683,EAudioMood::Action
,,,,,730.8540870325073,1.0,0.0,1.3900080887177158,EAudioMood::Action
,,,,,741.5785503745581,0.0,0.0,24.2343189950114,EAudioMood::Action
,,,,,672.7485099382213,1.0,0.0,27.485534888654527,EAudioMood::Action
,,,,,461.5732018781236,1.0,1.0,6.4897798982722765,EAudioMood::Action
,,,,,433.4442725858902,1.0,0.0,38.57557898856331,EAudioMood::Action
,,,,,774.096710991128,1.0,1.0,19.957342545909142,EAudioMood::Action
,,,,,616.8159828892973,0.0,0.0,27.38012920979337,EAudioMood::Action
,,,,,400.6585801944753,0.0,1.0,31.245550831368266,EAudioMood::Action
,,,,,798.3041520708545,1.0,1.0,26.191531000180348,EAudioMood::Action
,,,,,881.5720649733992,0.0,0.0,5.242650423393531,EAudioMood::Action
,,,,,867.2271491486996,0.0,1.0,15.970168026503021,EAudioMood::Action
,,,,,726.3811444242283,0.0,1.0,15.950166425048913,EAudioMood::Action
,,,,,898.7333416195947,1.0,0.0,27.61869344931062,EAudioMood::Action
